time,Mode,Knee_Angle,Knee_Velocity,Knee_Current,Ankle_Angle,Ankle_Velocity,Ankle_Current,Acc_X,Acc_Y,Acc_Z,Gyro_X,Gyro_Z,Gyro_Y,Shank_Angle,Thigh_Angle,Knee_Ref_Torque,Ankle_Ref_Torque,Filtered_Vertical_Load
0,2,-0.0129042430901008,6.61234371979939e-05,0.0021668141727958,0.00671407208471938,0.000152592547379986,0.000152592547379986,0.0379955442976165,-0.153762423576566,0.0490839360738955,0.261752169357382,0.342595700959298,-0.420148319956053,-0.493163853877377,-0.480030721966206,0.00198370311593982,-0.00167851802117985,0.00167851802117985
0.03,2,-0.0156000447604806,-0.00738039287494532,0.00350962858973968,0.00671407208471938,0.000152592547379986,0.000152592547379986,0.0406404817855363,-0.155186620685446,0.0468459120456557,0.166300444552955,0.439018931648712,-0.372402111880856,-0.372437716808578,-0.356634215318257,0.00355031993570767,-0.00167851802117985,0.00167851802117985
0.06,2,-0.0202388582008321,-0.0147455264951526,0.00385550503046765,0.00671407208471938,0.000152592547379986,0.000152592547379986,-0.285500656147954,-0.153762423576566,0.0512202317372153,-0.0442518387401959,0.114240953805149,-0.389970600502538,-0.297367269915871,-0.276889350057477,0.00474054180527156,-0.00167851802117985,0.011307107760857
0.09,2,-0.0501724295785394,-0.097786390779341,0.0140842921231727,0.00160730816573585,-0.0253100171920937,0.00196335744295582,-0.06503494369335,-0.174230170598468,0.0312204351939451,-0.0622933642587563,-0.0314544104332611,-0.101987772250537,-0.299345886613564,-0.248949654632201,0.022268339080986,0.00371308531957966,0.111224707785272
0.12,2,-0.064663635161392,-0.0507115899126153,0.0398368277026683,-0.0250048320973337,-0.0997904395682648,0.022197129225542,-0.124769839574369,-0.152134769737846,0.0101016266365551,-0.0795973591316467,0.132404553361614,0.272326832890815,-0.296329640593687,-0.231457462284209,0.0470239366842657,0.0499486271757154,0.236660868149866
0.15,2,-0.0451012705872779,0.0627155369731742,0.0194453769544562,-0.0497349976093834,-0.0607064017660044,0.0560726747438988,-0.0332753481653289,-0.168635110527868,-0.0202948088015381,-0.114953052359589,0.355927203182063,0.511286762087873,-0.278628905097608,-0.233314004943999,0.000559506007059949,0.0557827489038769,0.335001678518021
0.18,2,-0.0425631478825241,0.011007009084343,0.00522883795688752,-0.0625069938250882,-0.0385804823959065,0.043214209418012,-0.0204982655313781,-0.173457035025076,-0.0343740145064648,-0.0679240292570777,0.20001322468744,0.261706391593168,-0.261065502894172,-0.218263293354086,0.0154067608671326,0.0418103579821162,0.418602048809269
0.21,2,-0.0457981098869798,-0.00816878770307525,0.0312712993764051,-0.0789513840144047,-0.0503301085441654,0.0529089225948871,-0.0610471917884864,-0.154271065401166,-0.0337026072979929,-0.0677358317819758,0.183695994954273,-0.0164291309345785,-0.255836664937284,-0.209830011902219,0.032807397686697,0.0563422549109368,0.499659209977518
0.24,2,-0.0463881344035157,-0.000411999877925962,0.0292570777509893,-0.0887325663014618,-0.0249183629871517,0.0476292204555396,-0.0459507024343598,-0.161656544694357,-0.0124820703756829,-0.0834172592343923,0.239244768618834,0.119149347412539,-0.248252815332499,-0.201620532853175,0.0286823124891914,0.0461694184189377,0.58414461704357
0.27,2,-0.0470646280302337,4.57777642139958e-05,0.0287077445804214,-0.097888119144261,-0.0285653248695334,0.0490279854731895,-0.0501419110690634,-0.153864151941486,-0.0234280424410738,-0.0589871923988566,0.23599454735964,0.0680410168767357,-0.239168472345144,-0.191890214748578,0.0285500656147954,0.0502995900346894,0.650852992339854
0.3,2,-0.0500605283771274,-0.00770083722444329,0.032542903937905,-0.107537054556922,-0.0307779168065432,0.053905860571103,-0.0447096163823359,-0.15439313943907,-0.022105573697114,-0.0560014648884548,0.232637511317281,0.0886817021190018,-0.228349660735903,-0.178075502792444,0.0342417676320688,0.0552130700603249,0.707846308786279
0.33,2,-0.0504420097455774,-0.000615456607765943,0.032080039877519,-0.114856410412915,-0.0185145624154383,0.0523239844965972,-0.0363678904588967,-0.161941384116133,-0.0272123376160975,-0.0415204321420942,0.233547980183315,0.032980335907061,-0.215694652139856,-0.165033926409701,0.0313577684865871,0.0528733176671651,0.767911821853287
0.36,2,-0.0510778120263273,-0.000340790022481969,0.0311034475742871,-0.116428113650929,-0.000701925717947935,0.0453301594083478,-0.0354523351746167,-0.157607755770541,-0.02137312946969,-0.0281634978280994,0.21276487523016,-0.0177109083325704,-0.200333669036938,-0.149016795353048,0.0308389538254952,0.043188777326782,0.839116590879035
0.39,2,-0.054633218380281,-0.0101830093284911,0.0358541622160507,-0.116687520981475,0.000152592547379986,0.0422477899512721,-0.0347809279661448,-0.159092989898373,-0.0154118472853786,-0.0137841934466587,0.186768191574857,-0.0202998952197841,-0.187673574022645,-0.132796207566556,0.0376547542751345,0.0421155430768761,0.917360962757246
0.42,2,-0.0587176122318186,-0.0128126875616728,0.0415000864691102,-0.115838089134393,0.00615965249590543,0.0421714936775821,-0.0370392976673686,-0.158523311054821,-0.0185247352519303,-0.000508641824599953,0.180293181147699,-0.00183111056855983,-0.178609576708274,-0.119683421328369,0.0426394441562141,0.0396994944100263,0.983158869187496
0.45,2,-0.0599230933561205,-0.00240078941211178,0.0395621611173844,-0.11266416414889,0.010666219061861,0.0357473474328847,-0.0318308053834651,-0.160944446139917,-0.0204779198583941,0.010925626392407,0.208288827173681,0.00351980142623168,-0.170801924700664,-0.11062959685049,0.0384584083580025,0.0352997426272368,1.02428764712465
0.48,2,-0.0602842290515865,9.15555284279916e-05,0.0368002360098066,-0.10480564795882,0.0311492253385011,0.0297250282296213,-0.0314849289427371,-0.160130619220557,-0.02157658619953,0.00604266487624744,0.216366059348328,0.00134790083518988,-0.15708894110945,-0.0966012553280231,0.0367900631733146,0.0231228573463139,1.04175440738141
0.51,2,-0.0605385499638864,0.000152592547379986,0.0368460137740206,-0.0943988362275053,0.032776879177221,0.0203761914934741,-0.032420829900001,-0.158787804803613,-0.0237332275358338,-0.00846379996134322,0.213268430636514,-0.000595110934781945,-0.148650573239336,-0.0878882208726259,0.0369426557206946,0.0163274025696585,1.04229865413373
0.54,2,-0.0607979572944324,0.000152592547379986,0.0372224087242246,-0.0835749382000183,0.0362814213487147,0.0160222174748985,-0.0291858678955453,-0.156977039908038,-0.021556240526546,-0.0199438459425642,0.214153467411318,-0.00744651631214331,-0.138452304656107,-0.0774254585406049,0.0372325815607166,0.011347799106825,1.03964863022757
0.57,2,-0.0610268461155024,0.000152592547379986,0.0371766309600106,-0.0716727195043794,0.0345062613808608,0.010910367137669,-0.0289213741467533,-0.157099113945942,-0.0209051789910581,-0.0190130314035463,0.218314157536546,-0.00944039226457513,-0.128854233425906,-0.0675984984893338,0.0372325815607166,0.0064750104271574,1.03395692821029
0.6,2,-0.0612455621000804,0.000152592547379986,0.0372173223059786,-0.0645720796329641,0.0179143650624104,0.0100660217088331,-0.0231432030192979,-0.157485681732637,-0.0205389568773461,-0.021210364085818,0.217327392396822,-0.00585955381939146,-0.118594927823725,-0.0571560818302967,0.0372325815607166,0.0127058727785068,1.03235979288105
0.63,2,-0.0613472904650004,0.000152592547379986,0.0371664581235186,-0.0586006246121606,0.0169530320139164,0.0125329345581428,-0.0236111534979298,-0.158055360576189,-0.0201727347636341,-0.0238603879919838,0.213064973906674,-0.00488296151615955,-0.109464807072156,-0.0479038870408236,0.0373088778344066,0.0132552059490748,1.03329060742007
0.66,2,-0.0614947965941343,0.000152592547379986,0.0376445814386425,-0.0479903561510056,0.0344503107801548,0.00480157882422356,-0.0172226121809544,-0.160842717774997,-0.0188909573656423,-0.0266630044455295,0.223639637440107,-0.00369782606484166,-0.0961078727581612,-0.0344350515254168,0.0376903592028565,0.000752789900407931,1.03482161931211
0.69,2,-0.0614947965941343,0.000152592547379986,0.0376140629291665,-0.0343994465976948,0.0409354940438042,-0.00399283832310963,-0.0202134261096021,-0.160191656239509,-0.0211289813938821,-0.032980335907061,0.233263140761539,-0.00819930621255125,-0.0847346415601062,-0.0230618203273619,0.0376903592028565,-0.00889105909400718,1.03719189021475
0.72,2,-0.0615558336130863,0.000152592547379986,0.0374563839635406,-0.022232734153264,0.0363170262764367,-0.00700399792474136,-0.0171208838160344,-0.159683014414909,-0.0198675496688742,-0.0420697653126621,0.235312967314676,-0.00915555284279916,-0.0731376079592273,-0.011373231198055,0.0376903592028565,-0.010579749951679,1.04174932096316
0.75,2,-0.0614439324116743,0.000152592547379986,0.0375072481460006,-0.0114546138899909,0.0297250282296213,-0.00942004659159113,-0.0135603910438348,-0.160130619220557,-0.0187688833277383,-0.043987344991404,0.240679138564206,-0.00951160212001912,-0.0628376110110782,-0.00121056754254789,0.0376903592028565,-0.011332539852087,1.0439975178279
0.78,2,-0.0598061057364625,0.0054017761772515,0.0369782606484166,-3.05185094759972e-05,0.0359202856532487,-0.0121056754254789,-0.00794498530025127,-0.161310668253629,-0.0168970814132104,-0.0400708029419843,0.254768517105625,-0.00726340525528733,-0.0486973682871995,0.011200292977691,0.0346181625822728,-0.0169988097781304,1.04163741976175
0.81,2,-0.0585955381939146,0.00349945575324768,0.0315154474522131,0.0137333292641987,0.0410982594276762,-0.0206406852422661,-0.010549231442203,-0.161432742291533,-0.0168563900672424,-0.0344960885443688,0.262672811059908,-0.00599180069378745,-0.0334177678762169,0.0252388073366497,0.0333363851842809,-0.0281380657368694,1.03817865535447
0.84,2,-0.0561235389263588,0.00819930621255125,0.0331532741274249,0.0240282397941018,0.0278430534786014,-0.0250353506068097,-0.00530004781233151,-0.160456149988301,-0.0187688833277383,-0.0415865555792922,0.28502253283283,-0.0021261228268278,-0.0192673523158462,0.0368968779564806,0.0313119907223731,-0.0253812270475377,1.03079317606128
0.87,2,-0.0524307992797632,0.0115766879278949,0.0271716462701295,0.0387686798710084,0.0522069968769392,-0.0343231503240048,0.00332651753288369,-0.160496841334269,-0.0159204891099785,-0.0417188024536882,0.325113681447798,0.00011190120141199,-0.000722271390931934,0.0518306019267352,0.0266121402630696,-0.0457879370504878,1.02008117923521
0.9,2,-0.0474054180527156,0.0168360443942585,0.0239163385926898,0.054770551672923,0.0449232459486679,-0.0553198848434909,-0.00912503433332316,-0.164647358623005,-0.0184840439059623,-0.0488296151615955,0.358999399802647,-0.00477106031474756,0.0202337717825861,0.0678223008921578,0.021251055431786,-0.0563168228197068,1.01879940183721
0.93,2,-0.0400809757784763,0.0225023143203019,0.0166834518468785,0.0698466953540656,0.0504064048178554,-0.0677205725272378,0.00385550503046765,-0.163752149011709,-0.0164901679535305,-0.0615558336130863,0.414878790653198,-0.00710063987141535,0.043397320474868,0.0837020986561683,0.0140181686859747,-0.0689616585792616,1.02717164627013
0.96,2,-0.0319528794213691,0.0243029063793858,0.010600095624663,0.0861842707602161,0.0481276894436476,-0.0850652587460962,-0.00127160456149988,-0.162327951902829,-0.0190130314035463,-0.0822779015472884,0.494827112643819,0.0021261228268278,0.0705587939085055,0.102735475732699,0.00746686198512731,-0.0850652587460962,1.01606290882087
0.99,2,-0.0228685364340139,0.021312092450738,0.00516780093793552,0.10711996826075,0.0720643737093214,-0.112236905016226,0.00234992522965178,-0.166559851883501,-0.0168156987212745,-0.0876491592150639,0.614012064984079,0.0133365886410108,0.104566586301258,0.127669097974588,0.00376394950203965,-0.116194138411613,1.01469974873094
1.02,2,-0.00605283771273944,0.0403251238542843,-0.00254320912299977,0.126041444135868,0.0491246274198635,-0.129957986185288,0.0224921414838099,-0.168472345143997,-0.0114037497075309,-0.134057639291564,0.508794417147333,-0.04366181422366,0.138208156580299,0.144444105349895,-0.011129083122247,-0.131982380647196,1.00072227139093
1.05,2,0.0165206864630065,0.0591143528550066,-0.0308949044262012,0.141097242144027,0.0455234433016958,-0.142775760165207,0.021434166488642,-0.172704245124668,-0.0133976256599628,-0.132318084251432,0.549872330902025,-0.0120141198970509,0.17027293720308,0.153864151941486,-0.0384533219397565,-0.145959857987203,0.968382824182867
1.08,2,0.0319935707673371,0.0407829014964243,-0.0156254768517106,0.151310769981994,0.0190740684224982,-0.150507115899126,0.0269681895402895,-0.181005279702139,0.000233975239315978,-0.128716900133264,0.471673736788029,-0.0518000834172592,0.20029297769097,0.168340098269601,-0.00835189875993123,-0.154454176458022,0.887112033448286
1.11,2,0.065614795373394,0.102033550014751,-0.00345876440727968,0.153253781751966,-0.00313323363953571,-0.168167160049237,-0.00440483820103559,-0.216162602618488,-0.0167343160293385,-0.114708904283781,0.622781050040183,-0.00398775190486363,0.232703634754479,0.167180394909513,0.00319427065848771,-0.175176244392224,0.777041942604856
1.14,2,0.119235816522721,0.172449924212368,0.00409965310627562,0.141198970508947,-0.0617796360159103,-0.181625822728151,-0.00916572567929116,-0.248878444776757,-0.00924710837122715,-0.105471968749046,0.785729544969024,0.0449435916216519,0.275317646819463,0.156163212988678,0.0186569821263263,-0.188360240485855,0.660583310444451
1.17,2,0.201869767347229,0.273730684326711,0.0127669097974588,0.110110782189398,-0.124851222266305,-0.174199652088992,-0.0137231564277067,-0.266660562964771,0.0245674001281777,-0.0670288196457818,0.957640308847316,-0.0250251777703177,0.327880692973622,0.126143172500788,0.0205694753868221,-0.180059205908383,0.576250495925779
1.2,2,0.314411857458215,0.378897467980997,0.00913520716981516,0.0600705994852545,-0.186091697948139,-0.145044302702923,-0.0265816217535936,-0.273781548509171,0.00466933194982757,-0.0192978708253222,1.15064953561001,-0.0566016622414828,0.391806797489344,0.0774864955595569,0.00366222113711966,-0.14767906735435,0.450768557796971
1.23,2,0.443840856145919,0.439537746309804,-0.0142012797428307,-0.010844243700471,-0.2616657002472,-0.0949023916338593,-0.0279244361705374,-0.227312031413719,-0.0100202439446191,-0.0407930743329162,1.1295612455621,-0.11164688049969,0.461317789239174,0.0176091799676504,-0.0132246874395988,-0.0962757245602791,0.260892564673808
1.26,2,0.573859879350159,0.443708609271523,-0.0181381674652343,-0.0992156743064669,-0.306426180811996,-0.043875443789992,0.0239570299386578,-0.168309579760125,-0.0177515996785384,-0.0162053285317545,0.934476760155034,-0.0825322224595884,0.523422956022828,-0.0501724295785394,-0.0189621672210863,-0.0366323842076886,0.0877101962340159
1.29,2,0.692719300922676,0.41020945870337,-0.0227464623961099,-0.187932981353191,-0.280607521795302,0.0531835891801711,0.0290434481846573,-0.122328358816289,-0.0183619698680583,-0.0151168350271106,0.604683573920916,-0.0459100110883918,0.569068473362428,-0.123396506647949,-0.0289620654927213,0.109439374980926,0.0222785119174779
1.32,2,0.785027619251076,0.320312102623575,-0.032583595283873,-0.201900285856705,0.0572425509404787,0.103823969237342,0.00487278867966755,-0.064994252347382,0.00922676269824315,-0.116407767977945,0.249519333475753,0.0843938515376242,0.596006144393241,-0.188767153945535,-0.0346588539282408,0.126682332834864,0.00586972665588346
1.35,2,0.838780887274799,0.192124189987894,-0.0261034984384696,-0.129835912147384,0.296985788547421,0.0481378622801396,-0.0549027985473189,-0.0259305602181056,-0.00375377666554765,-0.0580868963693147,-0.350739056571144,-0.087364319793288,0.591041800185146,-0.247545803196305,-0.0265816217535936,0.0482090721355836,0.00247199926755577
1.38,2,0.854742067730745,0.065726696574806,-0.0509659108249153,-0.0303964354380932,0.350087995035656,-0.00514745526495153,-0.0553097120069989,-0.0490432447279275,0.00145471561835587,-0.183070365510015,-0.822382274849696,-0.0926847132786035,0.554714601072217,-0.299793491419212,-0.0729087191381573,-0.0357778659423607,0.00179041922259184
1.41,2,0.798526973275959,-0.184840439059623,-0.10951058483637,0.0347707551296528,0.177098910489212,-0.0495315408795434,-0.201757866145817,0.0629393393759982,-0.0103050833663951,-0.288379568875189,-1.69140700501521,-0.173589281899472,0.482222968230232,-0.316059856969919,-0.117099520859401,-0.0676290169988098,0.00167851802117985
1.44,2,0.670135603910438,-0.43132826726076,-0.0512304045737073,0.0378226060772525,-0.0194402905362102,-0.0272225104525895,-0.116346730958993,-0.120904161707409,-0.010793379518011,-0.183100884019491,-2.59615873694062,-0.418897061067537,0.34649698375398,-0.323404644917142,-0.0522883795688752,-0.0132552059490748,0.00167851802117985
1.47,2,0.510961231320129,-0.536718853317871,-0.0101016266365551,0.0206305124057741,-0.0535396384573911,0.00447604805647959,-0.0303252255826492,-0.271421450443027,-0.0114444410534989,-0.227627389344971,-2.965676849676,-0.396669413332519,0.179153823460596,-0.331573432620217,-0.00563575141656748,0.00669372641173538,0.00167851802117985
1.5,2,0.346842860194708,-0.549790948210089,0.022207302062034,0.0117089348022909,-0.0169682912686544,0.00361135695465967,0.120029297769097,-0.444847966958627,-0.0181992044841863,-0.195033621224606,-2.64382864874213,-0.332519506413973,0.0065207881913714,-0.340169479455957,0.0257067578152816,0.00193283893347982,0.00167851802117985
1.53,2,0.196437472660502,-0.50170395011241,0.0421053702403841,0.010925626392407,0.00011190120141199,-0.00307219662058372,0.0990732545955789,-0.381694998016297,-0.0306507563503932,-0.0928576514989675,-2.18223619291767,-0.0332143111463769,-0.137760551774651,-0.334106468906725,0.0461846776736757,-0.00341807306131169,0.00167851802117985
1.56,2,0.0829289630827764,-0.384228034302805,0.0445163324889879,0.010396638894823,0.000152592547379986,-0.00304167811110772,0.102816858424635,-0.289651173436689,-0.0261340169479456,-0.0240485854670858,-1.58729819635609,0.333882666503901,-0.249610889004181,-0.332448296558529,0.0488601336710715,-0.00320444349497971,0.00167851802117985
1.59,2,0.0116173792738629,-0.242805261391034,0.0381277911720125,0.00984730572425509,0.000152592547379986,-0.00315357931251971,0.0787682729575487,-0.221126946826584,-0.0122175766268909,-0.0702536088137455,-1.07047741121657,0.56678975798822,-0.32720928576515,-0.338684245328125,0.0392162846766564,-0.00320444349497971,0.00167851802117985
1.62,2,-0.02178004292937,-0.114922533850113,0.0267545599739575,0.00935900957263914,0.000152592547379986,-0.00342824589780368,0.0704672383800775,-0.191178116194138,-0.0102237006744591,-0.0679036835840938,-0.657785780409151,0.553819391460921,-0.377544480727561,-0.355571153904843,0.0242011780144658,-0.00289925840021973,0.00167851802117985
1.65,2,-0.0362102114932707,-0.0481327758618936,0.0166580197556485,0.00899787387717317,0.000152592547379986,-0.00293486332794173,0.0639362773522141,-0.1736808374279,-0.0100812809635711,-0.00170395011240984,-0.381990010274565,0.340622170679851,-0.407274595375428,-0.370840581479334,0.0147455264951526,-0.00274666585283975,0.00167851802117985
1.68,2,-0.0448062583290099,-0.0265867081718396,0.0128991566718548,0.0087181208736432,0.000152592547379986,-0.00307219662058372,0.0634276355276142,-0.157709484135461,-7.12098554439934e-05,0.0787784457940408,-0.184163945432905,0.0231635486922819,-0.419273456017741,-0.374268827377138,0.0120904161707409,-0.00274666585283975,0.00167851802117985
1.71,2,-0.0512710959196753,-0.0192724387340922,0.0117343668935209,0.00833663950519323,0.000152592547379986,-0.00240078941211178,0.0659911903235979,-0.144932401501511,0.00505589973652353,0.108864609719128,-0.0181635995564643,-0.262398144474624,-0.343607898190252,-0.292112999867753,0.0119123915321309,-0.00274666585283975,0.00167851802117985
1.74,2,-0.0568814152450128,-0.0162663655507065,0.0120904161707409,0.00793481246375927,0.000152592547379986,-0.00229906104719179,0.0716269417401654,-0.144688253425703,0.00224819686473179,0.104022339548936,0.15220597959329,-0.39201534063743,-0.236818547115492,-0.179703156631163,0.0124159469384849,-0.00230414746543779,0.00167851802117985
1.77,2,-0.0603605253252764,-0.00987273781548509,0.0125888851588488,0.0076601458784753,0.000152592547379986,-0.00264493748791976,0.0720135095268614,-0.14991709138259,-0.00833155308694723,0.098325551113417,0.364284188360241,-0.387788527075004,-0.1539099297057,-0.0933408612323374,0.0121514531896929,-0.00228888821069979,0.00167851802117985
1.8,2,-0.0605690684733624,-0.000569678843551948,0.011164688049969,0.00731426943774733,0.000152592547379986,-0.00210069073559781,0.054068625954975,-0.15632597837255,-0.0165512049724825,0.0960976999216692,0.506698812829981,-0.334752444023967,-0.0675832392345958,-0.00683105970437737,0.010513626514481,-0.00228888821069979,0.00167851802117985
1.83,2,-0.0608742535681224,0.000152592547379986,0.010442416659037,0.00711081270790735,0.000152592547379986,-0.00235501164789778,-0.390525020091352,-0.157811212500381,0.0508540096235033,-0.0386822107608264,0.260999379456974,-0.26069928078046,-0.0167699209570605,0.0441551967935219,0.010376293221839,-0.00228888821069979,0.00664286222927539
1.86,2,-0.0616423027232683,0.000152592547379986,0.0101982685832291,0.00347911008026368,-0.0169326863409324,0.00122582679728589,-0.0598264514094465,-0.150100202439446,0.0159611804559465,0.0452080853704438,0.191986856695252,-0.0345825576545508,-0.00423698639891761,0.0575172175257627,0.010376293221839,0.00189214758751183,0.0571103040660827
1.89,2,-0.0617999816888943,0.000152592547379986,0.010355947548855,-0.0124566382844529,-0.0597603279722485,0.00788394828129927,-0.0549231442203029,-0.160212001912493,0.0138859218115787,0.00147506129133986,0.240084027629424,0.142017883846553,0.00804671366517126,0.0700450656656595,0.010376293221839,0.0177872046062604,0.124683370464187
1.92,2,-0.0617847224341563,0.000259407330545976,0.0159459212012085,-0.0392061118401644,-0.0886969613737398,0.0294045838801233,-0.054068625954975,-0.150181585131382,-0.0123803420107629,-0.000528987497583951,0.216177861873226,0.135522527746412,-0.00357066560869167,0.0582903530991546,0.0259458194728436,0.0507065034943693,0.205633716849269
1.95,2,-0.0568305510625528,0.0168411308125044,0.032339447208065,-0.0571916867580187,-0.04312774030783,0.0507929726045513,-0.0488397879980875,-0.179153823460596,-0.00407930743329162,0.0320139164403211,0.286456902778202,0.010630614134139,-0.00123091321553189,0.0557318847214169,0.0282906582842494,0.0475478377636036,0.314879807936847
1.98,2,-0.0526647745190792,0.0155135756502986,0.0235602893154698,-0.0677561774549598,-0.0334838913134149,0.0402233954893643,-0.0446892707093519,-0.153864151941486,0.00381481368449965,0.0369986063214006,0.285551520330414,0.0352488784447768,0.0164087852615945,0.0692871893470056,0.0236620176803898,0.0413729260129602,0.433352661722668
2.01,2,-0.0504318369090854,0.00825017039501124,0.0267749056469415,-0.0813470870082705,-0.0408591977701142,0.0496078371532334,-0.0391959390036724,-0.161310668253629,-0.00310271513005971,0.0420341603849401,0.276894436475723,0.0626697592089602,0.0204117964211961,0.0711030406608275,0.0268918932665995,0.0517390463983072,0.535716828923409
2.04,2,-0.0472528255053356,0.010935799228899,0.0241096224860378,-0.0902483189387697,-0.0235450300607318,0.0467187515895057,-0.0411898149561042,-0.161798964405245,-0.00479140598773156,0.0418510493280842,0.275653350423699,0.0368409273557746,0.0315713980529191,0.0790429395428327,0.0231686351105279,0.0463321838028097,0.636387218848231
2.07,2,-0.0457218136132898,0.00566626992604348,0.0250760419527777,-0.097674489577929,-0.0236671040986358,0.0460422579627878,-0.0411491236101362,-0.158238471633045,-0.00076296273689993,0.0494247260963775,0.253527431053601,0.00100711081270791,0.0263730786055076,0.0723085217851294,0.0256355479598376,0.0468662577186397,0.731604968413343
2.1,2,-0.0441958881394899,0.00519831944741152,0.0228990549434899,-0.10701823989583,-0.0292265592415133,0.0535142063661611,-0.0314238919237851,-0.159520249031037,0.0022278511917478,0.0609454634235664,0.239219336527604,0.0472070477411217,0.0233924375133518,0.0678121280556658,0.0235602893154698,0.054780724509415,0.817534918261259
2.13,2,-0.0443993448693299,0.000376394950203965,0.0266019674265776,-0.112043621122878,-0.010808638772749,0.0486719361959695,-0.0300607318338572,-0.167190567746005,-0.00503555406353954,0.0706706951099175,0.233583585111036,0.0408083335876542,0.0231940672017579,0.0677765231279438,0.0268664611753695,0.0479700104780216,0.898414054790897
2.16,2,-0.0444909003977579,0.000152592547379986,0.0269173253578295,-0.112369151890622,0.00140893785414187,0.0427106540116581,-0.0298572751040173,-0.163630074973805,-0.00737530645669932,0.06500951160212,0.218700725323242,0.00522883795688752,0.0264748069704276,0.0712098554439935,0.0270546586504715,0.0407472965687022,0.97682119205298
2.19,2,-0.0453047273171178,-0.000986765139723909,0.0276853745129755,-0.109439374980926,0.0118615273496709,0.0355489771212907,-0.0272123376160975,-0.165359457177445,-0.00788394828129927,0.0489313435265155,0.211518702759891,0.00338246813358969,0.0238807336649678,0.0694041769666636,0.0275785597298095,0.0339620146285389,1.02995391705069
2.22,2,-0.0478225043488876,-0.00692261523280536,0.0317443362732831,-0.101952167322815,0.0293893246253853,0.0295520900092573,-0.0290434481846573,-0.161371705272581,-0.00833155308694723,0.0400606301054923,0.223059785760063,0.00639871415346741,0.0180313526820683,0.0660980051067639,0.033163446963917,0.0227210303048799,1.05050304676453
2.25,2,-0.0481785536261076,-0.00033061718598997,0.0303201391644032,-0.0902991831212297,0.0394858648436944,0.0194758954639322,-0.0271309549241615,-0.158706422111677,-0.00798567664621926,0.0263374736777856,0.23685923846146,0.00279753003529974,0.00552385021515549,0.053926206244087,0.0298013245033113,0.0120039470605589,1.04452141890723
2.28,2,-0.0483870967741935,0.000152592547379986,0.0294147567166153,-0.0775475325785089,0.0423902096621601,0.0123498235012869,-0.0258695231991536,-0.155552842799158,-0.00727357809177933,0.0193792535172582,0.237973164057334,0.00632750429802342,-0.0021261228268278,0.0463677887305317,0.0294503616443373,0.00572730694499547,1.03094576860866
2.31,2,-0.0485244300668355,0.000152592547379986,0.0294351023895993,-0.0681071403139337,0.0267698192286955,0.0087435529648732,-0.0225531785027619,-0.15652943510239,-0.00853500981678721,0.010757774590289,0.238313954079816,0.00331634469639169,-0.00728375092827133,0.0413068025757622,0.0294503616443373,0.00896735536769718,1.0205999938963
2.34,2,-0.0485244300668355,0.000152592547379986,0.0294757937355673,-0.0614439324116743,0.0165410321359905,0.010452589495529,-0.0211086357208981,-0.157526373078606,-0.00906399731437117,-0.000661234371979939,0.235114597003082,-0.00199387595243182,-0.010549231442203,0.0380362356435845,0.0294503616443373,0.0130975269834488,1.01791436506241
2.37,2,-0.0484074424471775,0.000152592547379986,0.0293638925341553,-0.0515762810144353,0.0332651753288369,0.00781273842585528,-0.0122379222998749,-0.160313730277413,-0.00908434298735517,-0.0138299712108727,0.247566148869289,-0.0021362956633198,-0.00838750368765323,0.0400962350332143,0.0294503616443373,0.0032502212591937,1.02809228797266
2.4,2,-0.0468815169733777,0.00568152918078148,0.0283923866491694,-0.0359253720714947,0.0484227017019155,-0.00503555406353954,-0.0178736737164424,-0.160700298064109,-0.00829086174097924,-0.0174667602567624,0.276767276019573,-0.000590024516535946,-0.00151066621906186,0.0454522334462518,0.0265561896623636,-0.011179947304707,1.03608305103712
2.43,2,-0.0447655669830419,0.00678019552191738,0.0238909065014598,-0.0200099693797622,0.0467034923347677,-0.011042614012065,-0.0167953530482905,-0.160354421623381,-0.0087588122196112,-0.0288806828007853,0.312168747011729,-0.00263476465142776,0.00774661498865729,0.0527156387015391,0.0243079927976318,-0.0175125380209764,1.04470452996409
2.46,2,-0.0382803837193925,0.0204117964211961,0.0190181178217922,-0.00467950478631957,0.0452894680623798,-0.0167495752840765,-0.0185450809249143,-0.164464247566149,-0.00833155308694723,-0.0419324320200201,0.364782657348348,-0.00825017039501124,0.0259559923093356,0.0644754376862901,0.0145624154382967,-0.0211442406486201,1.04783776360363
2.49,2,-0.0292062135685293,0.0280159916989654,0.00905891089612517,0.0137435021006907,0.0610573646249784,-0.0258390046896776,-0.0151473535365866,-0.163426618243965,-0.00686666463209937,-0.0526596881008332,0.474288155766472,-0.0168411308125044,0.0508845281329793,0.0803399761955626,0.00439975178278959,-0.0359864090904467,1.03700369273965
2.52,2,-0.02144942574338,0.0173243405458744,0.00314849289427371,0.0371562852870266,0.0751263974934131,-0.0511235897905413,-0.011383404034547,-0.161819310078229,-0.00947091077405113,-0.0718303984700054,0.602964364553769,-0.0204474013489181,0.0844091107923622,0.106092511775058,0.00407930743329162,-0.0562252672912788,1.03829564297413
2.55,2,0.00203456729839981,0.0617542039246803,-0.0075736767682933,0.0613167719555244,0.075604520808537,-0.0710979542425815,0.0125837987406028,-0.15744499038667,-0.00296029541917173,-0.0802331614123966,0.561235389263588,-0.0568559831537828,0.118381298257393,0.116494237088127,-0.0237383139540798,-0.0725730155339213,1.01884517960143
2.58,2,0.0339620146285389,0.0907976521093376,-0.0626392406994842,0.086494542273222,0.0797346924242887,-0.0942411572618793,0.022268339080986,-0.155145929339478,-0.00011190120141199,-0.087099826044496,0.616285693940041,-0.00499486271757154,0.154815312153488,0.120929593798639,-0.0660420545060579,-0.097399822992645,1.0024770856858
2.61,2,0.0561133660898668,0.0639769686981821,-0.0647297585985901,0.109032461521246,0.0682190415153457,-0.111463769442834,0.00959298481195512,-0.173965676849676,-0.00599180069378745,-0.0929797255368714,0.540676086713258,-0.0646483759066541,0.187699006113875,0.131677195552436,-0.065431684316538,-0.115990681681773,0.967986083559679
2.64,2,0.0766726686401969,0.0575579088717307,-0.0730511388490453,0.123589790541297,0.032756533504237,-0.118299915565457,0.0140283415224667,-0.184423352763451,0.00332651753288369,-0.114902188177129,0.518163599556464,-0.054638304798527,0.219651885535244,0.143050426750491,-0.0740073854792932,-0.121148309783217,0.901781263669749
2.67,2,0.0957365642262032,0.0533260088910591,-0.0831934568315684,0.130853195796584,0.0146997487309386,-0.122521642709637,0.0296945097201453,-0.177261675873084,0.00589007232886746,-0.120131026134017,0.470269885352133,-0.0838852097130243,0.249610889004181,0.15393536179693,-0.0841700491348003,-0.124515518662069,0.797041739148127
2.7,2,0.116855372783593,0.0621662038026063,-0.0532649718721071,0.1321044546851,-0.00795515813674327,-0.130995615507472,0.0158594520910265,-0.194026510411898,0.00202439446190781,-0.0938851079846594,0.437218339589628,-0.112684509821874,0.276019572537411,0.159215063936277,-0.0361746065655487,-0.139520452487767,0.622435173599455
2.73,2,0.166010518712933,0.158818323313089,-0.00601214636677145,0.114434237698497,-0.08701844335256,-0.146661783705151,-0.0389110995818964,-0.26324248990346,-0.0185247352519303,-0.086672566911832,0.618213446455275,0.0210475987019461,0.307250180567848,0.141331217383343,0.0184433525599943,-0.160913927630441,0.464115319274473
2.76,2,0.254910936816513,0.298379467146825,0.0182398958301543,0.0686564734845017,-0.1769870092878,-0.146102277698091,-0.0535192927844071,-0.30609047720776,0.0191961424604022,-0.0382702108829005,0.892513809625538,0.0309559414451532,0.352580339976196,0.097771131524603,0.0337839899899289,-0.149550869268878,0.399497461877295
2.79,2,0.381633960997345,0.429893897315388,0.0167750073753065,0.00561540574358348,-0.231615141249835,-0.114159571113213,-0.0588905504521826,-0.299701935890784,0.00499486271757154,0.0145064648375907,1.13136183762118,-0.0501927752515234,0.414614296904406,0.033071891435489,0.0136316008992787,-0.114271472314625,0.307738476719464
2.82,2,0.528336436048463,0.50277209794407,-0.0098167872147791,-0.0729392376476333,-0.276935127821691,-0.0605385499638864,-0.032848089032665,-0.234514399650054,-0.0192164881333862,0.0463576158940397,1.10113834040345,0.0569475386822108,0.483270770388908,-0.0448622089297159,-0.0120344655700349,-0.0553910946989349,0.134973194575844
2.85,2,0.666290271716463,0.475407167780592,-0.0286975717439294,-0.157729829808445,-0.277281004262418,0.032715842158269,-0.0133569343139948,-0.136204107791375,-0.0275989054027935,0.0234585609505498,0.727256080813013,0.216956083864864,0.539099297056998,-0.12691630807418,-0.0339772738832769,0.0947192805770033,0.0307117933693452
2.88,2,0.772362437818537,0.370881272825302,-0.0353404339732048,-0.178899502548296,0.0239773756116418,0.097394736574399,0.000315357931251971,-0.075818150374869,-0.00363170262764367,-0.0151982177190466,0.269407228817611,0.286355174413282,0.568508967355368,-0.203619495223853,-0.0390128279468164,0.121270383821121,0.0075991088595233
2.91,2,0.836186813969339,0.228105512660095,-0.0294300159713533,-0.116092410046693,0.265043081962544,0.0480056154057436,-0.0676798811812698,-0.00924710837122715,-0.00147506129133986,0.0612099571723584,-0.375164036988433,0.0524104536067792,0.56394136377046,-0.272041993469039,-0.0301217688528092,0.0474766279081596,0.00284839421775974
2.94,2,0.858892585019481,0.0901516769920957,-0.0528885769219031,-0.0261848811304056,0.320373139642527,0.00153609831029186,-0.0261340169479456,-0.0343129774875128,-0.00338755455183569,-0.0594907478052105,-0.865779595324564,-0.0537532680237231,0.525030264188564,-0.333607999918617,-0.076438693400881,-0.0320444349497971,0.00186162907803583
2.97,2,0.80280973743909,-0.181890316476943,-0.110843226416822,0.0368968779564806,0.1757154047263,-0.0470391959390037,-0.201147495956297,0.0778730633462528,-0.0173039948728904,-0.0583310444451226,-1.72953479618722,-0.0185145624154383,0.450188706116927,-0.352366710409864,-0.119113742484817,-0.0668050172429579,0.00151575263730786
3,2,0.670634072898546,-0.441124708802555,-0.0499181086662394,0.0406404817855363,-0.0182093773206783,-0.0269071525213375,-0.122979420351777,-0.0892869858902758,-0.00407930743329162,0.0490127262184515,-2.64908800520849,-0.228868475396995,0.295653146966969,-0.37473677785577,-0.0506912442396313,-0.0148421684418266,0.00152592547379986
3.03,2,0.508875799839269,-0.543158258817306,-0.00857570116275521,0.0247912025310017,-0.0473647267067476,0.00404878892381563,-0.0163274025696585,-0.273496709087395,-0.00371308531957966,-0.0263476465142776,-2.94305246131779,-0.148737042349518,0.110761843724886,-0.397910499384543,-0.0043539740185756,0.00405896176030763,0.00165817234819585
3.06,2,0.341207108778141,-0.557908871730705,0.0247301655120497,0.0169988097781304,-0.0176803898230944,6.10370189519944e-05,0.10717083244321,-0.409812718080182,-0.00859604683573921,-0.0316578671631011,-2.59660634174627,-0.146102277698091,-0.0567644276253548,-0.397859635202083,0.0281787570828374,-0.000701925717947935,0.00167851802117985
3.09,2,0.193334757530442,-0.495213680430514,0.0423800368256681,0.0129296751813308,-0.0126753542690308,-0.000559506007059949,0.126906135237688,-0.371562852870266,-0.0175481429486984,0.0202642902920621,-2.1083305358033,0.0733664967802972,-0.19881791639963,-0.392081464074628,0.0459303567613758,-0.000834172592343923,0.00167851802117985
3.12,2,0.0790429395428327,-0.38598793501592,0.0454013692637918,0.0114647867264829,-0.000823999755851924,-0.00197353027944782,0.117302977589241,-0.285744804223762,-0.00985747856074709,0.0967131565294351,-1.50910977507859,0.268389945168411,-0.306782230089216,-0.385733614103621,0.0495417137160354,-0.00309254229356772,0.00167851802117985
3.15,2,0.00603249203975545,-0.248756370738853,0.0398978647216203,0.011332539852087,0.000152592547379986,-0.00307219662058372,0.0894294056011638,-0.202937915178889,0.00727357809177933,0.0628376110110782,-0.971393983784499,0.41239661854915,-0.378836430962045,-0.384726503290913,0.0411999877925962,-0.00366222113711966,0.00167851802117985
3.18,2,-0.0306202378409172,-0.125359864090904,0.0290129296751813,0.011098564612771,0.000152592547379986,-0.00311288796655171,0.0811283710236925,-0.158828496149581,0.0086977752006592,0.0406099632760603,-0.546423739331238,0.432009847305724,-0.422671183406069,-0.39183731599882,0.0271716462701295,-0.00366222113711966,0.00167851802117985
3.21,2,-0.0471714428133997,-0.0556047242652669,0.0195928830835902,0.010742515335551,0.000152592547379986,-0.00344859157078768,0.0821456546728924,-0.144301685639007,0.011098564612771,0.0491144545833715,-0.234433016958118,0.303374329864396,-0.432966093935972,-0.385560675883257,0.0179448835718863,-0.00338755455183569,0.00167851802117985
3.24,2,-0.0558488723410749,-0.0269580167037975,0.0153101189204586,0.010366120385347,0.000152592547379986,-0.00320444349497971,0.0746177556688131,-0.132541886654256,0.0169581184321624,0.0817590868861965,0.0246386099836217,0.0359914955086927,-0.334269234290597,-0.27820673238319,0.0142928352712587,-0.00320444349497971,0.00167851802117985
3.27,2,-0.0583412172816146,-0.0065106153548794,0.0124210333567309,0.00998972543514308,0.000152592547379986,-0.00335703604235969,0.0570390942106388,-0.12696717225664,0.0196437472660502,0.0984425387330749,0.25617236854152,-0.196661275063326,-0.229651783806879,-0.171076591285948,0.0114240953805149,-0.00320444349497971,0.00167851802117985
3.3,2,-0.0587989949237546,-0.00011190120141199,0.010610268461155,0.00962350332143111,0.000152592547379986,-0.00312306080304371,0.032502212591937,-0.125990579953408,0.0158594520910265,0.097964415417951,0.407432274341055,-0.350474562822352,-0.197525966165146,-0.138503168838567,0.0101931821649831,-0.00320444349497971,0.00167851802117985
3.33,2,-0.0580360321868547,0.0032756533504237,0.0100405896176031,0.00935900957263914,0.000152592547379986,-0.00310271513005971,0.00670389924822738,-0.122572506892097,0.0135400453708508,0.116835027110609,0.553504033529669,-0.460442925300862,-0.168309579760125,-0.11001922666097,0.00961333048493912,-0.00277718436231574,0.00167851802117985
3.36,2,-0.0550655639311909,0.0086570838546912,0.00832138025045523,0.00909451582384716,0.000152592547379986,-0.00286873989074374,-0.00957263913897112,-0.130263171280048,0.0177719453515224,0.106987721386354,0.716432182785526,-0.483199560533464,-0.13027334411654,-0.0749636321095411,0.00810775068412325,-0.00274666585283975,0.00167851802117985
3.39,2,-0.0483006276640116,0.0145268105105747,0.00747703482161931,0.00889105909400718,0.000152592547379986,-0.00284839421775974,-0.0673543504135258,-0.135634428947824,0.0208237962991221,0.0723492131310974,0.810195216732281,-0.432355723746452,-0.0820540991444645,-0.0335296690776289,0.00630715862503942,-0.00274666585283975,0.00167851802117985
3.42,2,-0.0313730277413251,0.0415255185603402,0.00194301176997182,0.00858587399924721,0.000152592547379986,-0.00286873989074374,-0.0587277850683106,-0.141656748151087,0.011302021342611,0.0182602415031383,0.65736869411298,-0.303587959430728,-0.0400199387595243,-0.00842310861537523,3.05185094759972e-05,-0.00274666585283975,0.00167851802117985
3.45,2,-0.0139469588305307,0.0462457146926277,-0.00370291248308766,0.00811792352061525,0.000152592547379986,-0.00266528316090375,-0.0930712810652994,-0.147516301970478,0.00385550503046765,-0.0100507624540951,0.612730287586088,-0.14757733898943,-0.000488296151615955,0.0136010823898027,-0.0043234555090996,-0.00253303628650777,0.00167851802117985
3.48,2,0.00200404878892382,0.04381440677104,-0.00490330718914355,0.00781273842585528,0.000152592547379986,-0.00255338195949177,-0.0863979003265481,-0.160334075950397,-0.00416069012522762,-0.00163782667521185,0.489933978291167,0.00742617063915932,0.0313425092318491,0.0294910529903053,-0.00672424492121138,-0.00228888821069979,0.00167851802117985
3.51,2,0.0136926379182307,0.033082064271981,-0.00679036835840938,0.00746686198512731,0.000152592547379986,-0.00231432030192979,-0.281594286935026,-0.157363607694734,0.0065411338643554,-0.0566830449334188,0.151712597023428,0.142302723268329,0.0522832931506292,0.0386618650878424,-0.0075635039318013,-0.00228888821069979,0.00167851802117985
3.54,2,0.0140436007772047,-0.000676493626717938,-0.00396740623187963,0.00705486210720135,0.000152592547379986,-0.00208034506261381,-0.0817183955402285,-0.140456353445031,-0.0101016266365551,0.0419832962024801,0.134856206956186,0.202668335011851,0.0486261584317555,0.0346690267647328,-0.00240587583035778,-0.00228888821069979,0.00167851802117985
3.57,2,0.0172276985992004,0.00443027029226559,-0.00191757967874182,0.00690226955982136,0.000152592547379986,-0.00261441897844376,-0.0691040782901497,-0.161473433637501,-0.000172938220363984,0.0179194514806564,0.103722240872422,0.270968759219133,0.0284432508316294,0.011266416414889,-0.00291451765495773,-0.0022278511917478,0.00167851802117985
3.6,2,0.0191351054414502,0.000895209611295918,-0.00347402366201768,0.00658182521032339,0.000152592547379986,-0.00196844386120182,-0.0691244239631336,-0.146132796207567,-0.011240984323659,-0.00959807123020112,0.0625222530798262,0.30166529333374,0.0102745648569191,-0.0087028616189052,-0.00297555467390973,-0.00167851802117985,0.00167851802117985
3.63,2,0.0200404878892382,0.000152592547379986,-0.00309762871181372,0.00640888698995941,0.000152592547379986,-0.00150557980081586,-0.0471510971404157,-0.142572303435367,-0.0127669097974588,-0.0010834070863979,0.0250709555345317,0.276238288521989,-0.0359813226722007,-0.0559455142877489,-0.00309762871181372,-0.00167851802117985,0.00167851802117985
3.66,2,0.0203558458204901,0.000152592547379986,-0.00307728303882972,0.00533565274005351,-0.00635293638925342,-0.00146997487309386,0.0276802880947295,-0.289122185939105,0.0722780032756534,-0.163691111992757,0.120019124932605,0.165410321359905,-0.0560777611621448,-0.076331878617715,-0.00320444349497971,-0.000915555284279916,0.0173395998006124
3.69,4,0.0248827580594297,0.0128177739799188,-0.00351980142623168,-0.0162612791324605,-0.097715180923897,0.00972523168635111,-0.0658894619586779,-0.316568498794519,0.0145166376740827,-0.00141911069063387,0.395489364299448,0.0290841395306253,-0.0393943093152664,-0.0641651661732841,-0.00472528255053356,0.0255846837773776,0.353872290210679
3.72,4,0.0557980081586149,0.097913551235491,-0.0407116916409802,-0.0642312896104821,-0.156570126448358,0.0591855627104505,-0.00401827041433963,-0.193253374838506,-0.00621560309661143,0.112567522202216,0.582984913683482,0.250368765322835,-0.0122684408093509,-0.0679596341847997,-0.0588193405967386,0.0885240231533759,0.667175308491267
3.75,4,0.0839309874772383,0.086911628569394,-0.0969064404227831,-0.065650400301116,0.0479038870408236,0.0408490249336222,0.0486363312682475,-0.187617623421939,-0.0076601458784753,0.0402793460900703,0.515269427574491,-0.0177159947508164,0.0234890794600258,-0.0601977599414045,-0.0963520208339691,0.0138401440473647,0.948708558407341
3.78,4,0.101311278623819,0.0528427991576891,-0.0886206651000498,-0.0307728303882972,0.117592903429263,-0.00506607257301553,-0.00420138147119561,-0.170405184077476,-0.00182093773206783,0.0413627531764682,0.354370759198787,0.0032400484227017,0.0494908495335754,-0.0515966266874193,-0.0893785414187038,-0.0511947996459853,1.00509659108249
3.81,4,0.107593005157628,0.0165868099002045,-0.076036866359447,-0.0158035014903205,0.02139856156092,-0.021459598579872,-0.00892157760348318,-0.154454176458022,-0.00613422040467544,0.0461846776736757,0.166325876644185,0.00489313435265155,0.0644957833592741,-0.0428429008860541,-0.0693685720389416,-0.0157831558173365,0.881964578183335
3.84,4,0.111484115115818,0.0114851323994669,-0.0129195023448388,-0.0173548590553504,-0.000264493748791976,0.00622577593310343,-0.0188909573656423,-0.157628101443525,-0.0145369833470667,0.00396231981363364,0.167999308247119,0.00423189998067161,0.0663218075095879,-0.0449283323669139,-0.00471002329579557,0.00561031932533748,0.732113610237943
3.87,4,0.126041444135868,0.0478784549495936,-0.0157068595436466,-0.0101474044007691,0.0242520421969258,-0.00240587583035778,-0.0227159438866339,-0.15642770673747,-0.0087181208736432,-0.0358083844518367,0.304549292479222,0.0129856257820368,0.0789513840144047,-0.0468306527909177,-0.0244809310179957,-0.00611387473169144,0.6500951160212
3.9,4,0.138945687225969,0.043921221554206,-0.0255439924314096,0.00086469110181992,0.0352437920265308,-0.00579343038219347,0.00827051606799524,-0.150710572628966,-0.00121056754254789,-0.0414848272143722,0.314513585823135,0.00415051728873562,0.097720267342143,-0.0409863582262642,-0.0245419680369477,-0.011022268339081,0.624591814935759
3.93,4,0.152734967090874,0.0466017639698477,-0.0240231533758558,0.0194352041179642,0.0623950926236763,-0.0125227617216508,-0.00721254107282734,-0.162450025940733,-0.00253303628650777,-0.0294198431348613,0.353918067974893,0.00162765383871985,0.117526779992065,-0.0349233476770328,-0.0245674001281777,-0.0240129805393638,0.631295714183986
3.96,4,0.170923998738568,0.0615660064495783,-0.0299844355601672,0.0408693706066062,0.0691447696361176,-0.0237739188818018,-0.00373343099256366,-0.165684987945189,-0.00180059205908383,-0.02139856156092,0.424690491449731,0.00357066560869167,0.141193884090701,-0.0295215714997813,-0.033056632180751,-0.0314188055055391,0.650486770226142
3.99,4,0.19111199275694,0.0673187454858038,-0.0359711498357087,0.0640939563178401,0.0770287179174169,-0.032415743481755,0.00890123193049918,-0.161575162002421,-0.00338755455183569,-0.0296080406099633,0.449476607562487,-0.0129805393637908,0.167541530604979,-0.0233059684031699,-0.0365001373332926,-0.0377971739860225,0.655878373566902
4.02,4,0.214183985920794,0.0774254585406049,-0.0408693706066062,0.087211727245908,0.0723899044770653,-0.0390077415285704,0.00102745648569191,-0.164667704295989,-0.00643940549943541,-0.043961912900174,0.492207607247129,-0.00646483759066541,0.195659250668864,-0.0182551550848923,-0.0418357900733462,-0.0414034445224362,0.65312153487757
4.05,4,0.241782891323588,0.0930763674835454,-0.0491348002563555,0.1113162633137,0.0786512853378908,-0.0445315917437259,0.00947091077405113,-0.165339111504461,0.000295012258267973,-0.0491144545833715,0.566337066764326,-0.00741091138442132,0.227520574561805,-0.0140283415224667,-0.0493891211686555,-0.0473138625242876,0.649728893907488
4.08,4,0.275241350545773,0.112069053214108,-0.0604063030894904,0.136605934832809,0.0817489140497045,-0.0536261075675731,0.021515549180578,-0.155491805780206,-0.00407930743329162,-0.0467340108442437,0.620303964354381,0.0163019704784285,0.263491724397514,-0.0115156509089429,-0.0607216610207424,-0.0528987497583951,0.640985340942615
4.11,4,0.312229784030681,0.123203222754601,-0.0679291156753237,0.166051210058901,0.0991393780327769,-0.0631580553605762,0.0332956938383129,-0.148777733695486,-0.000172938220363984,-0.0444400362152979,0.639266131575467,0.0131992553483688,0.301395713166702,-0.010595009206417,-0.0667897579882199,-0.0638752403332621,0.633177688935006
4.14,4,0.355515203304137,0.146071759188615,-0.0773186437574389,0.196829126865444,0.0999074271879228,-0.0702434359772535,0.0372834457431766,-0.162104149500005,-0.00452691223893958,-0.0510828984445733,0.658955656605731,0.0182144637389243,0.340291553493861,-0.0149744153162226,-0.0787733593757947,-0.0711386455885495,0.629500208543148
4.17,4,0.402101708019247,0.158686076438693,-0.086845505132196,0.228797265541551,0.10628070925016,-0.0794040752382987,0.0451165298420158,-0.150812300993886,0.00473036896877956,-0.0345418663085828,0.695786411125014,0.0207627592801701,0.380891343933429,-0.0209662160100101,-0.08694214707887,-0.0779493596199428,0.614942879523097
4.2,4,0.453347371847692,0.173314615314188,-0.0950753298542233,0.263807082328766,0.118015076143681,-0.086565752128666,0.0426750490839361,-0.148370820235806,-0.00310271513005971,-0.0353302611367128,0.730287586087629,0.0169123406679484,0.423937701549323,-0.0291909543137913,-0.0950702434359773,-0.0888139489933978,0.591102837204098
4.23,4,0.507146417635629,0.182470168156987,-0.100980661437829,0.296589047924233,0.104419080172124,-0.0912656025879696,0.0526851201920632,-0.140293588061159,-0.00350962858973968,-0.0264035971149836,0.734280424410738,0.0179703156631163,0.467772453993347,-0.0391298155664744,-0.100945056510107,-0.0908281706188136,0.571428571428571
4.26,4,0.565070548621072,0.197180089724418,-0.108066042054506,0.330902025411746,0.117252113406781,-0.0987121189001129,0.0574460076703187,-0.161168248542741,-0.00114953052359589,0.011139255958739,0.820240892768131,0.0888088625751518,0.514196193324585,-0.0506302072206793,-0.107842239651682,-0.100736513362021,0.567384868923002
4.29,4,0.630232652770572,0.220720033366904,-0.119693594164861,0.364965768405204,0.114195176040935,-0.10567033906064,0.0645263018687501,-0.154352448093102,-0.00409965310627562,0.00236009806614378,0.91664377778456,0.0907111829991556,0.566581214840134,-0.0634174626911222,-0.120792260505997,-0.10508540096235,0.56422111677399
4.32,4,0.699901323486028,0.23551133762627,-0.130329294717246,0.403230892869859,0.132007812738426,-0.119856359548733,0.0801517787204606,-0.142735068819239,0.00812809635710725,-0.0354523351746167,0.976917833999654,0.0790785444705547,0.623208309172847,-0.076464125492111,-0.12976470229194,-0.119190038758507,0.541189814956104
4.35,4,0.777759127577543,0.265078686890266,-0.144469537441125,0.445020905178991,0.141911069063387,-0.125741345459354,0.075838496047853,-0.141717785170039,-0.00281787570828374,-0.0335296690776289,1.1154515213477,0.0670745974099958,0.686630858282215,-0.0909095533107496,-0.145023957029939,-0.131199072237312,0.498240099286884
4.38,4,0.860927152317881,0.283593249305704,-0.157836644591611,0.479628894924772,0.110583819086276,-0.12572099978637,0.0962452060508032,-0.188980783511867,0.00121056754254789,0.0228125858333079,1.18558814254178,0.126936653747164,0.755556911933754,-0.105095573798842,-0.157119459618926,-0.12658569088819,0.446353546759443
4.41,4,0.951292458876308,0.30921862442905,-0.168863999348938,0.506530961027863,0.0796329640593687,-0.114937793104851,0.105766981007314,-0.185806858526363,-0.011159601631723,0.0255745109408856,1.21237322102522,0.205048778750979,0.82868434705649,-0.122374136580503,-0.170288196457818,-0.122414827926471,0.373826308989736
4.44,4,1.03656117435224,0.296970529292683,-0.168177332885729,0.511205379395937,-0.000147506129133986,-0.0930967131565294,0.127292703024384,-0.14951017792291,0.0338450270088809,-0.00125125888851588,1.01319416893012,0.138213242998545,0.894960376801864,-0.141356649474573,-0.168960641295612,-0.0958230333363852,0.251009654021831
4.47,4,1.10479038870408,0.24146244697409,-0.140547908973459,0.500544246752322,-0.0420748517309081,-0.0717286701050854,0.122837000640889,-0.0665812148401339,0.0316883856725771,-0.0937019969278034,0.654377880184332,0.0124922432121749,0.944008707948037,-0.160557878353221,-0.141880550553911,-0.0774559770500809,0.111382386750898
4.5,4,1.14839116590879,0.154321929583626,-0.0739870398063092,0.471877193517869,-0.109591967528306,-0.043855098117008,0.150710572628966,-0.087333801283812,-0.00534073915829951,-0.187180191452783,0.231889807835119,-0.0596331675160985,0.969135614083275,-0.179031749422692,-0.0526952930285551,-0.00558488723410749,0.0450961841690318
4.53,4,1.19105604215623,0.15602079327779,-0.00551367737866349,0.436140018921476,-0.109032461521246,-0.000773135573391929,0.130568356374808,-0.203914507482121,-0.00188197475101983,-0.133559170303456,0.064923042491938,-0.0659301533046459,0.977192500584938,-0.21362956633198,-0.00959298481195512,0.0457981098869798,0.0156458225246946
4.56,4,1.222500279753,0.120782087669505,-0.0120141198970509,0.41432945748263,-0.0383210750653605,0.0242520421969258,-0.00155644398327586,-0.138442131819615,-0.00578834396394747,-0.0893378500727358,-0.288572852768538,0.0344248786889248,0.970692058066551,-0.251543727937661,-0.0130822677287108,0.0296945097201453,0.00452691223893958
4.59,4,1.22747479679759,0.0360016683451847,-0.0054526403597115,0.415814691610462,0.0283008311207414,0.0117903174942269,-0.0169784641051464,-0.128269295327616,-0.00916572567929116,0.120314137190873,-0.651081881160924,0.0460320851262958,0.940580462050233,-0.28665018667155,-0.00135298725343588,0.00286873989074374,0.0021973326822718
4.62,4,1.22040467543565,-0.00413017161575162,-0.0269173253578295,0.415997802667318,0.00129195023448388,-0.0285856705425174,0.0174871059297464,-0.153742077903582,0.00743634347565132,0.144006673380739,-0.887396872870062,0.140893785414187,0.821344645527512,-0.398836227505315,-0.0537736136967071,-0.102267525254067,0.00172938220363984
4.65,4,1.1656646422722,-0.175684886216824,-0.0937223426007874,0.359192683695995,-0.274412264371675,-0.106194240139978,-0.214982553585416,0.0086570838546912,0.0188706116926583,0.0400911486149683,-1.44465468306528,0.115990681681773,0.717754651529486,-0.447645496993927,-0.0964588356171351,-0.121626433098341,0.00167851802117985
4.68,4,1.06783247372865,-0.328246915087334,-0.0548824528743349,0.233375041962951,-0.436078981902524,0.0097659230323191,-0.120985544399345,-0.0473342081972716,0.00991851557969909,0.075726594846441,-2.26619261248614,-0.128421887874996,0.596443576362397,-0.471154922126937,-0.0578325754570147,0.0234687337870418,0.00167851802117985
4.71,4,0.946104312265389,-0.41468550675985,-0.032807397686697,0.131758578244372,-0.313353882463047,0.0289620654927213,-0.0444044312875759,-0.116061891537217,0.0169988097781304,-0.0851161229285562,-2.51554918057802,-0.182398958301543,0.398276721498255,-0.547613961200802,-0.0318308053834651,0.043326110619424,0.00152592547379986
4.74,4,0.80769269895525,-0.469018626463617,-0.0155135756502986,0.0724204229865413,-0.168329925433109,0.0264290292062136,-0.011322367015595,-0.176163009531948,0.00780256558936328,-0.145298623615223,-2.80568865016633,-0.166437777845597,0.200384533219398,-0.60709453616952,-0.00792463962726727,0.0248013753674937,0.00156661681976786
4.77,4,0.656463311665192,-0.50480666524247,0.00937935524562314,0.0512304045737073,-0.0483311461734876,0.00596128218431145,0.147048351491846,-0.339131850133773,-0.010793379518011,-0.0265714489171016,-2.5399843338318,-0.0619627470727663,0.022176783552558,-0.634103417055778,0.0121463667714469,-0.00613422040467544,0.00167851802117985
4.8,4,0.500554419588814,-0.516413871679841,0.0308643859167252,0.0466933194982757,-0.0118615273496709,-0.0075889360230313,0.12544124678284,-0.298684652241585,-0.0230414746543779,-0.0310169784641051,-2.27651804152552,0.0178736737164424,-0.121758679972737,-0.622262235379091,0.0316273486536251,-0.0209865616829941,0.00167851802117985
4.83,4,0.360504979603463,-0.470096947131769,0.0359914955086927,0.0443942584510839,-0.00893175043997518,-0.0149133782972706,0.129022085228024,-0.274717449466435,-0.0203151544745221,0.0612303028453424,-1.79958494827113,0.221727144179612,-0.243029063793858,-0.603462833541876,0.0391755933306884,-0.0204372285124261,0.00167851802117985
4.86,4,0.245480717388429,-0.388083539333272,0.0365916928617206,0.0405590990936003,-0.0154423657948546,-0.0173548590553504,0.124464654479609,-0.24008911404767,-0.0173853775648264,0.0798872849716687,-1.36551001515753,0.386323638620156,-0.337758517207353,-0.583168024740338,0.0387585070345164,-0.0162256742047385,0.00167851802117985
4.89,4,0.159469384848577,-0.294208604185105,0.0317087313455611,0.0356659647409487,-0.0173650318918424,-0.0151575263730786,0.0964690084536271,-0.196956287321594,-0.0054221218502355,0.105675425478886,-0.968942330189927,0.447614978484451,-0.405580818099511,-0.564968820256152,0.032593768120365,-0.0123803420107629,0.00167851802117985
4.92,4,0.0985442670979949,-0.208777123325297,0.0254320912299977,0.0295724356822413,-0.0203965371664581,-0.0126651814325388,0.086703085421308,-0.1777499720247,0.00230923388368379,0.107537054556922,-0.566087832270272,0.296955270037945,-0.450951668853826,-0.549373861913917,0.0248318938769697,-0.00910468866033916,0.00167851802117985
4.95,4,0.0580156865138707,-0.139642526525671,0.0189621672210863,0.0251777703176977,-0.0129296751813308,-0.00983713288776309,0.0640380057171341,-0.147597684662414,0.0126448357595548,0.145369833470667,-0.212469862971892,0.0428479873043001,-0.449466434725995,-0.507410911384421,0.0176600441501104,-0.00781273842585528,0.00167851802117985
4.98,4,0.0345978169092888,-0.0820947904904325,0.0127058727785068,0.0210984628844061,-0.0151168350271106,-0.00831120741396323,0.043041271197648,-0.135675120293792,0.02167831456445,0.138401440473647,0.043529567349264,-0.172989084546444,-0.357168289234087,-0.391654204941964,0.010691651153091,-0.00601214636677145,0.00167851802117985
5.01,4,0.0254117455570137,-0.0336110517695649,0.0065716523738314,0.0164494766075625,-0.0153508102664266,-0.0032756533504237,0.0265205847346416,-0.143813389487391,0.0258288318531856,0.105705943988362,0.290668457085889,-0.287830235704622,-0.266518143253884,-0.291848506118961,0.00370291248308766,-0.00273649301634775,0.00167851802117985
5.04,4,0.0253100171920937,-0.00355031993570767,0.000233975239315978,0.0134179713329468,-0.00796533097323527,-0.00201422162541581,-0.00411999877925962,-0.156102175969726,0.021312092450738,0.0594602292957345,0.436394339833776,-0.30278430534786,-0.20024211350851,-0.225450402335683,-0.0011291848506119,-0.00387585070345164,0.00167851802117985
5.07,4,0.0266426587725456,5.08641824599953e-05,0.000152592547379986,0.011139255958739,-0.00767031871496729,-0.00250251777703177,-0.0126651814325388,-0.164036988433485,0.0129703665272988,0.0349945575324768,0.537125766777551,-0.185837377035839,-0.153508102664266,-0.180069378744875,-0.00228888821069979,-0.00305185094759972,0.00167851802117985
5.1,4,0.0298471022675253,0.00166834518468785,0.000132246874395988,0.010539058605711,-0.000518814661091952,-0.0032959990234077,-0.0383007293923765,-0.158747113457645,0.0127669097974588,0.0120751569160029,0.590217800429294,0.0179448835718863,-0.114240953805149,-0.144016846217231,-0.00256355479598376,-0.00518814661091952,0.00167851802117985
5.13,4,0.0356557919044567,0.00693787448754336,-0.00363170262764367,0.00962350332143111,0.00032553076774397,-0.000813826919359925,-0.0576291187271747,-0.159520249031037,0.0148421684418266,-0.032227546006653,0.483352153080844,0.146671956541643,-0.0898770104068117,-0.125420901109856,-0.00440483820103559,-0.00440483820103559,0.00167851802117985
5.16,4,0.0407930743329162,0.00736513362020732,-0.00426241849014761,0.00811792352061525,-0.00722271390931934,-0.00284839421775974,-0.0720338551998454,-0.158828496149581,0.0124006876837469,-0.0585243283384706,0.455071667633086,0.101708019247007,-0.0613422040467544,-0.102074241360719,-0.00468967762281157,-0.00180059205908383,0.00167851802117985
5.19,4,0.0441908017212439,0.00211594999033581,-0.00466933194982757,0.00819930621255125,0.000142419710887987,-0.00246182643106377,-0.0751670888393811,-0.155288349050366,0.00271614734336375,-0.0490432447279275,0.389467045096184,-0.0280872015544094,-0.0364594459873246,-0.0805892106896166,-0.00442518387401959,-0.00390636921292764,0.00167851802117985
5.22,4,0.0488296151615955,0.00791446679077527,-0.00463881344035157,0.00812809635710725,0.000152592547379986,-0.00305185094759972,-0.0668660542619098,-0.152643411562446,-0.00375377666554765,-0.0305693736584572,0.369324828842026,-0.0898770104068117,-0.0171920936714784,-0.0659403261411379,-0.00561540574358348,-0.00384533219397565,0.00120039470605589
5.25,4,0.0507421084220913,0.00123091321553189,-0.00533056632180751,0.00813826919359925,0.000152592547379986,-0.0032654805139317,-0.132012899156672,-0.141738130843023,-0.0196640929390342,-0.0611489201534064,0.256457207963296,-0.00781273842585528,-0.0300607318338572,-0.0807112847275206,-0.00491348002563555,-0.00375377666554765,0.00145471561835587
5.28,4,0.0511795403912473,-0.000620543026011943,-0.00487278867966755,0.00777204707988728,-0.000478123315123956,-0.0032146163314717,-0.169164098025452,-0.273903622547075,0.106438388215786,-0.248410494298125,0.0562964771467228,0.0398673462121443,-0.0311085339925331,-0.0822066916918444,-0.00473036896877956,-0.00372325815607166,0.00800602231920326
5.31,4,0.053946551917071,0.00858587399924721,-0.00491348002563555,-0.00552385021515549,-0.0621662038026063,0.00506607257301553,-0.102755821405683,-0.396547339294615,0.00291960407320373,-0.0553097120069989,0.49585456912951,0.0831120741396324,-0.0131331319111708,-0.0669881282998138,-0.00503555406353954,0.0180160934273303,0.307840205084384
5.34,4,0.0954720704774112,0.129744356618956,-0.0385957416506445,-0.0398775190486363,-0.11118910285755,0.0317494226915291,0.00739565212968332,-0.177872046062604,0.0263171280048016,0.0378226060772525,0.726106550289417,0.156814274524166,0.022054709514654,-0.0731935585599333,-0.0530106509598071,0.0535396384573911,0.594327626372061
5.37,4,0.14813684499649,0.167012543107395,-0.0903856522314117,-0.0409151483708202,0.0366934212266406,0.0195165868099002,0.0628579566840622,-0.19602038636433,-0.00416069012522762,0.00627155369731742,0.730908129113641,0.0183212785220903,0.0685293130283517,-0.0793837295653147,-0.0909502446567176,0.00308745587532172,0.801782280953398
5.4,4,0.192337819554226,0.146732993560594,-0.0825525681325724,-0.00350454217149368,0.136605934832809,-0.0195471053193762,0.0170395011240984,-0.168106123030285,0.00208543148085981,-0.00171412294890184,0.660990223904131,-0.00396740623187963,0.109220658996348,-0.0828882717368084,-0.0824355805129144,-0.0451775668609678,0.848368785668508
5.43,4,0.230552079836421,0.124011963255715,-0.0703553371786655,0.0318969288206631,0.0957569098991872,-0.0387381613615324,-0.0243639433983378,-0.163833531703645,-0.000661234371979939,-0.0177312540055544,0.560263883378602,-0.0100812809635711,0.145613981546475,-0.0847092094688762,-0.0699535101372316,-0.043844925280516,0.769351278216905
5.46,4,0.261136712749616,0.101031525620289,-0.0573442793053987,0.0479700104780216,0.043870357371746,-0.0315357931251971,0.0181178217922503,-0.152948596657206,0.00338755455183569,-0.0296843368836533,0.502019308043662,0.0173752047283344,0.17691071301411,-0.0839869380779443,-0.0577410199285867,-0.0241452274137598,0.661325927508367
5.49,4,0.28517512538021,0.0793023468733787,-0.0464186529129917,0.0704621519618315,0.0824966175318664,-0.032573422447381,0.032135990478225,-0.140395316426079,0.010996836247851,-0.0197251299579862,0.489064200771101,0.00947091077405113,0.206325469730725,-0.0786156804101688,-0.0453301594083478,-0.0389670501826024,0.600243130792159
5.52,4,0.310068056276131,0.0813979511907305,-0.0446740114546139,0.100283822138127,0.0944903917559333,-0.0473342081972716,-0.000233975239315978,-0.165054272082685,0.00200404878892382,-0.0277820164596494,0.512436292611469,0.0076499730419833,0.236365855891598,-0.0734733115634632,-0.0446943571275979,-0.0520086265653452,0.569139683217872
5.55,4,0.341222368032879,0.103462833541876,-0.0550045269122389,0.124657938372957,0.0737378053122552,-0.0491449730928475,0.00957263913897112,-0.167963703319397,0.00395723339538764,-0.0365153965880306,0.568386893317464,0.00172938220363984,0.268715475936155,-0.0722729168574074,-0.0553198848434909,-0.0489008250170395,0.556103193253375
5.58,4,0.378042949715669,0.122704753766493,-0.0680511897132277,0.14986622720013,0.0857468387910601,-0.0557878353221229,0.0241808323414818,-0.153416547135838,0.00886054058453118,-0.0410423088269702,0.623304951119521,-0.00695822016052736,0.304625588752912,-0.0731935585599333,-0.0673085726493118,-0.0557217118849249,0.550248725852229
5.61,4,0.420458591469059,0.142999562568031,-0.076423434146143,0.178879156875312,0.0938088117109694,-0.0641600797550381,0.0223700674459059,-0.169794813887956,0.000946073793755913,-0.0497960346283354,0.697169916887926,-0.0043438011820836,0.344304737489954,-0.075914792321543,-0.0770795820998769,-0.065716523738314,0.527919349752291
5.64,4,0.467009491256447,0.157363607694734,-0.0862503941974141,0.205801568651387,0.0852890611489202,-0.0677409182002218,0.0410067038992482,-0.151463362529374,0.0116682434563229,-0.0594093651132745,0.719677317626474,0.00904873805963317,0.387274798832158,-0.0794854579302347,-0.087048961862036,-0.0674509923601998,0.482278918830938
5.67,4,0.513692637918231,0.157282225002798,-0.08750165308593,0.233822646768598,0.0960061443932412,-0.0747398297067171,0.0568966744997508,-0.144179611601103,0.0117292804752749,-0.0553198848434909,0.717383342997528,-0.0136672058270007,0.430219428083132,-0.0831985432498143,-0.087267677846614,-0.0745058544674011,0.451267026785079
5.7,4,0.560589414146346,0.159667755160171,-0.0889207637765638,0.264453057446008,0.101728364919991,-0.0821660003458764,0.0616575619780063,-0.155796990874966,0.00953194779300312,-0.0499588000122074,0.754641356649475,-0.0118920458591469,0.474359365621916,-0.0859706411938841,-0.0889360230313018,-0.0837020986561683,0.417035431989502
5.73,4,0.609444461399172,0.166096987823115,-0.0918251085950295,0.292753888566749,0.086570838546912,-0.0832850123599963,0.0514236884670553,-0.162979013438317,0.00918607135227515,-0.0313018178858811,0.803888058107242,0.021296833196,0.521184931994588,-0.0880509862564979,-0.0922371084729555,-0.0844904934842982,0.395301166824346
5.76,4,0.661203853470463,0.1749524419894,-0.097476119266335,0.317718029318115,0.0839869380779443,-0.0855179499699901,0.0832850123599963,-0.121107618437249,0.010793379518011,-0.0208339691356141,0.826787113050732,0.0304116946928312,0.570319732250944,-0.0906348867254657,-0.097664316741437,-0.0860774559770501,0.381206701864681
5.79,4,0.715236874497716,0.184769229204179,-0.102567623930581,0.343958861049226,0.08717103589994,-0.0919115777052115,0.0641397340820541,-0.180455946531571,0.00949125644703513,-0.010961231320129,0.911516668192592,0.0354574215928627,0.622038432976267,-0.0930051576281015,-0.102338735109511,-0.0926999725333415,0.369309569587288
5.82,4,0.775053153070671,0.204102704957223,-0.112903225806452,0.368821273435672,0.0794244209112827,-0.0943479720450453,0.0832036296680603,-0.150568152918078,0.00456760358490758,0.0166275012461725,1.01422671183406,0.106885993021434,0.680191452782779,-0.0946124657938373,-0.11314737388226,-0.0953703421124912,0.3486332794173
5.85,4,0.839676096886095,0.22029277423424,-0.123182877081617,0.392239143040254,0.0811588895331685,-0.0990579953408409,0.0949023916338593,-0.118605100660217,0.00599180069378745,0.0193945127719962,1.07399212622456,0.135603910438348,0.743110446485794,-0.0963520208339691,-0.123233741264077,-0.0987019460636209,0.313567512029379
5.88,4,0.906384472182379,0.229448327077039,-0.128208258308664,0.417956073692028,0.0889919736320078,-0.1054668823308,0.0797652109337647,-0.141371908729311,0.0169988097781304,-0.0118411816766869,1.16904711040579,0.110090436516414,0.810505488245287,-0.0956348358612832,-0.128096357107252,-0.10681478316599,0.267509994811853
5.91,4,0.976358327992594,0.240211188085574,-0.133981343017874,0.440819523707795,0.0736157312743512,-0.10345774712363,0.107943968016602,-0.13164667704296,0.00729392376476333,0.00957772555721712,1.22519608142338,0.140191859696239,0.882641071810053,-0.0934781945249794,-0.134439120660014,-0.10645873388877,0.211132134973195
5.94,4,1.04809208451593,0.246330149235511,-0.138223415835037,0.456073692027548,0.04300057985168,-0.0968708354950611,0.141656748151087,-0.187637969094923,0.00473036896877956,-0.00201422162541581,1.20262255724764,0.181554612872707,0.956302580848618,-0.0916063926104516,-0.138930427971231,-0.0994089581998149,0.153187658314768
5.97,4,1.11732332326223,0.236793115024262,-0.0967284157841731,0.459242530594806,0.00392162846766564,-0.0566626992604348,0.157831558173365,-0.119073051138849,0.0452182582069358,-0.167465234331289,0.925951923174739,0.0339365825373089,1.02062033956928,-0.0964893541266111,-0.0811639759514145,-0.0440432955921099,0.0676086713258258
6,4,1.1991790520951,0.285902483189388,-0.0303303120008952,0.464684998118025,0.0299946083966592,-0.00341298664306569,0.150405387534206,-0.22100487278868,0.0312814722128971,-0.246609902239041,0.726442253893653,-0.185150710572629,1.0701162755211,-0.128808455661692,-0.0423647775709301,-0.0116987619657989,0.0191605375326802
6.03,4,1.25300861639251,0.194362214016134,-0.0419426048565121,0.463515121921445,0.00177007354960784,-0.0032451348409477,-0.0338653726818649,-0.0837936541845963,-0.043346456292408,-0.209534999643951,0.0616117842137923,-0.152419609159622,1.09448530533769,-0.158319854324981,-0.0446384065268919,-0.00340281380657369,0.00522883795688752
6.06,4,1.25763725699637,0.0296182134464553,-0.0246793013295897,0.458250679036836,0.00010681478316599,0.000152592547379986,-0.0454013692637918,-0.0936206142358674,-0.0422884812972401,0.0691752881455936,-0.588661356446018,-0.0856196783349101,1.07564521215451,-0.181747896766055,-0.0192419202246162,-0.000274666585283975,0.00235501164789778
6.09,4,1.23823257138788,-0.0523494165878272,-0.0319681386761071,0.4530828780989,-0.00698873867000336,-0.0350047303689688,-0.0298165837580493,-0.13327433088168,-0.0196640929390342,0.238288521988586,-1.01788384655293,0.0295520900092573,0.994435458438877,-0.24354787845495,-0.0595670440789005,-0.121748507136245,0.00171920936714784
6.12,4,1.17490157780694,-0.204407890051983,-0.0875576036866359,0.3904639830724,-0.300780256558936,-0.112557349365724,-0.198421175776442,-0.086825159459212,0.00794498530025127,0.232500178024639,-1.56437879573962,-0.032314015116835,0.832875555691193,-0.341797133294677,-0.0925524664042075,-0.131575467187516,0.00150049338256986
6.15,4,1.0629952899767,-0.372590309355958,-0.0508641824599953,0.249682098859625,-0.497644988352102,-0.0119479964598529,-0.134332305876848,-0.0914232815535956,0.0163477482426425,0.412864569027782,-2.43030589719331,-0.0531683299254331,0.708059938352611,-0.354691203548285,-0.0504013183996094,0.032344533626311,0.00154118472853786
6.18,4,0.936038290556556,-0.43142999562568,-0.0284076459039074,0.107709992777286,-0.47684662414421,-0.00339264097008169,-0.0319935707673371,-0.202022359894609,0.021942808313242,0.140298674479405,-2.62924588763085,-0.0665405234941659,0.555355489771213,-0.380423393454797,-0.0275327819655955,0.10582293160802,0.00167851802117985
6.21,4,0.795230974252551,-0.474618772952462,-0.0145064648375907,-0.00772626931567329,-0.346491897335734,0.0793735567288227,-0.000885036774803919,-0.231035289569791,0.0290027568386893,0.00736004720196132,-2.85548468479466,-0.241213212480036,0.390219834996592,-0.404817855362611,-0.00589515874711346,0.136204107791375,0.00167851802117985
6.24,4,0.650537634408602,-0.481760104169846,0.00962858973967711,-0.0368053224280526,-0.0310373241370891,0.0498672444837794,0.117160557878353,-0.362814213487147,0.032156336151209,-0.0579393902401807,-2.65890987884152,-0.242398347931354,0.22166610716066,-0.428632465590381,0.0101219723095391,0.043844925280516,0.00167851802117985
6.27,4,0.505686615599028,-0.478733685313476,0.0226650797041739,-0.0201727347636341,0.0642007711010061,0.00114444410534989,0.0516271451968952,-0.297423220516577,0.0140893785414187,-0.0813114820805485,-2.41064180425428,-0.2771131524603,0.0717235836868394,-0.43371888383638,0.0250048320973337,-0.010498367259743,0.00167851802117985
6.3,4,0.379573961607715,-0.427482935066785,0.0280210781172114,-0.010910367137669,0.0197861669769382,-0.00484227017019155,0.0957162185532192,-0.321899065116326,-0.00688701030508337,-0.0301319416893012,-2.05586413159581,-0.1947233497116,-0.0611234880621764,-0.440590634886725,0.0303862626016012,-0.00314340647602771,0.00167851802117985
6.33,4,0.275521103549303,-0.358104190191351,0.0302540157272052,-0.010681478316599,0.000223802402823979,0.00457777642139958,0.0888597267576118,-0.271665598518835,-0.0230414746543779,-0.00184128340505183,-1.7380799788405,-0.0381786553544725,-0.171575060274056,-0.447014781131423,0.0309355957721692,0.00576799829096347,0.00167851802117985
6.36,4,0.193863745028026,-0.277453942482782,0.0252693258461257,-0.010569577115187,0.000152592547379986,0.00498468988107954,0.0783206681519008,-0.228492080446791,-0.0210882900479141,0.032705669321777,-1.33800266528316,0.154159164199754,-0.261879329813532,-0.455661692149622,0.0260221157465336,0.00579851680043947,0.00167851802117985
6.39,4,0.133508306120996,-0.205470951465397,0.0210272530289621,-0.010457675913775,0.000152592547379986,0.0053814305042675,0.0898770104068117,-0.21612191127252,-0.0189316487116103,0.132887763094984,-1.03065075635039,0.261268959624012,-0.333363851842809,-0.466770429598885,0.0202642902920621,0.00549333170567949,0.00167851802117985
6.42,4,0.087181208736432,-0.157149978128402,0.0175074516027304,-0.0102949105299031,0.000152592547379986,0.00550350454217149,0.0846278267769402,-0.181371501815851,-0.00310271513005971,0.172775454980112,-0.713980529190954,0.300230923388368,-0.385041861222165,-0.472151860103153,0.0170089826146224,0.00549333170567949,0.00167851802117985
6.45,4,0.0522985524053672,-0.119652902818893,0.0147200944039226,-0.0101321451460311,0.000152592547379986,0.0054526403597115,0.0715252133752454,-0.148981190425326,0.0143945636361787,0.163416445407473,-0.435672068442844,0.28537858211005,-0.383485417238889,-0.435682241279336,0.0144250821456547,0.00549333170567949,0.00167851802117985
6.48,4,0.0274768313648895,-0.0851262957650482,0.0123091321553189,-0.00996937976215908,0.000152592547379986,0.00558488723410749,0.0670084739727978,-0.138645588549455,0.0248115482039857,0.125319172744936,-0.183945229448327,0.184403007090467,-0.294473097933897,-0.321848200933866,0.0114139225440229,0.00549333170567949,0.00167851802117985
6.51,4,0.010528885769219,-0.0579241309854427,0.00966419466739911,-0.00985747856074709,0.000152592547379986,0.00549333170567949,0.0598467970824305,-0.143772698141423,0.0281482385733614,0.0822168645283364,0.0599078341013825,-0.0158085879085665,-0.204606260363577,-0.215063936277352,0.0087384665466272,0.00549333170567949,0.00167851802117985
6.54,4,0.00335703604235969,-0.0259610787275816,0.00624612160608743,-0.0097659230323191,0.000152592547379986,0.00549333170567949,0.0520747500025432,-0.155491805780206,0.0171615751620024,0.0611184016439304,0.294289986877041,-0.223436180710267,-0.121382285022533,-0.124617247026989,0.0043539740185756,0.00549333170567949,0.00167851802117985
6.57,4,-0.00203456729839981,-0.0190333770765302,0.00238044373912778,-0.00966419466739911,0.000152592547379986,0.00561540574358348,0.0340077923927529,-0.167984048992381,0.00308236945707572,0.0608844264046144,0.430656860052288,-0.351624093345948,-0.0630308949044262,-0.0608233893856624,0.00306202378409172,0.00537125766777551,0.00167851802117985
6.6,4,-0.00947091077405113,-0.021617277545498,0.00452691223893958,-0.00961333048493912,0.000152592547379986,0.00513728242845953,-0.210140283415225,-0.187678660440891,0.0426750490839361,-0.0284534236681214,0.316375214901171,-0.367687002166814,-0.032278410189113,-0.0225633513392539,0.0043438011820836,0.00503555406353954,0.00268562883388775
6.63,4,-0.0314035462508011,-0.0736615090385652,0.00748720765811131,-0.0119429100416069,-0.0103152562028871,0.0054628131962035,-0.22242906989756,-0.206355988240201,0.00808740501113926,0.00962350332143111,0.0188299203466903,-0.152348399304178,-0.0274768313648895,0.00402844325083163,0.0126448357595548,0.00793481246375927,0.0793888159835607
6.66,2,-0.0562659586372468,-0.0843633330281482,0.0191452782779422,-0.032329274371573,-0.0778628905097608,0.0192978708253222,-0.0118513545131789,-0.162734865362509,0.0273344116540015,0.0365611743522446,0.086469110181992,0.0502945036164434,-0.0234076967680898,0.032949817397585,0.0207322407706941,0.0413932716859442,0.180669576097903
6.69,2,-0.0584938098289946,-0.0116987619657989,0.0124922432121749,-0.0577715384380627,-0.0710572628966135,0.0474257637256996,-0.0918098493402915,-0.147312845240638,0.00153609831029186,0.0117089348022909,0.268389945168411,0.304381440677104,-0.0182907600126143,0.0402742596718243,0.00712098554439934,0.0447197892188279,0.300983713288776
6.72,2,-0.0603656117435224,-0.00556454156112349,0.00263476465142776,-0.0774763227230649,-0.065686005228838,0.0350250760419528,-0.0556352427747429,-0.156305632699566,-0.0098167872147791,0.0410575680817082,0.254666788740705,0.202073224077069,-0.0086876023641672,0.0517187007253232,0.00288908556372773,0.0362559892574847,0.394858648436944
6.75,2,-0.0616779076509903,-0.00320444349497971,0.0043031098361156,-0.100670389924823,-0.0754112369151891,0.0422884812972401,-0.0644652648497981,-0.147231462548702,-0.0164087852615945,0.0446790978728599,0.271401104770043,0.0223293760999379,-0.0223598946094139,0.0393790500605284,0.00285856705425174,0.0445468509984639,0.470239366842657
6.78,2,-0.0618305001983703,5.08641824599953e-05,0.0053814305042675,-0.123081148716697,-0.0704774112165695,0.0503758863083794,-0.0507522812585833,-0.156509089429406,-0.00379446801151565,0.0101524908190151,0.280210781172114,0.0550452182582069,-0.0413322346669922,0.0205694753868221,0.0179143650624104,0.053916033407595,0.540045370850754
6.81,2,-0.0583310444451226,0.0134077984964548,0.0333567308572649,-0.139856156092003,-0.0489313435265155,0.0530411694692831,-0.0511185033722953,-0.159398174993133,-0.00733461511073133,0.00973540452284311,0.311461734875535,0.0418612221645761,-0.0345469527268288,0.0238247830642618,0.0300810775068412,0.0532751447085991,0.618050681071403
6.84,2,-0.0591143528550066,-0.00190232042400382,0.0308643859167252,-0.152531510361034,-0.0413017161575162,0.0492568742942595,-0.0428988514867601,-0.158584348073773,-0.00489313435265155,0.00626646727907142,0.27907142348501,0.0271207820876695,-0.022268339080986,0.0369172236294646,0.0355235450300607,0.0495620593890194,0.693258461256752
6.87,2,-0.0593585009308145,0.00114953052359589,0.0374156926175726,-0.165949481693981,-0.0400809757784763,0.0519221574551632,-0.0405794447665843,-0.16879787591174,-0.00245165359457177,0.0125329345581428,0.295785393841365,0.0267240414644815,-0.0189316487116103,0.0404471978921883,0.0356761375774407,0.0526749473555711,0.76438693400881
6.9,2,-0.0607420066937264,-0.00287891272723574,0.0386160873236284,-0.170038961963764,-0.00395723339538764,0.0402640868353323,-0.0341909034496089,-0.166803999959309,-0.00188197475101983,0.0334075950397249,0.290312407808669,0.000478123315123956,-0.00852483698029522,0.0522782067323832,0.0389924822738324,0.0350657673879208,0.84514908291879
6.93,2,-0.0610675374614704,2.03456729839981e-05,0.0372834457431766,-0.167149876400037,0.0143233537807347,0.0294096702983693,-0.0340688294117049,-0.161554816329437,-0.00582903530991546,0.0364696188238166,0.282804854477574,0.0130008850367748,-0.0157068595436466,0.0454420606097598,0.0373241370891446,0.0235806349884538,0.924242886644083
6.96,2,-0.0614235867386903,0.000152592547379986,0.0373750012716046,-0.159347310810673,0.0276701152582375,0.0205084383678701,-0.0353709524826807,-0.157770521154413,-0.00558488723410749,0.0320444349497971,0.28074994150619,0.00777204707988728,-0.0238247830642618,0.0376496678568885,0.0375072481460006,0.0154627114678386,0.983520004882962
6.99,2,-0.0616779076509903,0.000152592547379986,0.0376598406933805,-0.149489832249926,0.0311187068290251,0.0148014770958586,-0.0350454217149368,-0.159154026917325,-0.00729392376476333,0.0223090304269539,0.267850784834335,0.00676493626717938,-0.032614113793349,0.0290943123671173,0.0376903592028565,0.010722169662567,1.01521856339203
7.02,2,-0.0618915372173223,0.000152592547379986,0.0377310505488245,-0.136244799137343,0.0418307036551002,0.00608335622221544,-0.032807397686697,-0.160456149988301,-0.0098167872147791,0.00285856705425174,0.257810195216732,0.00418103579821162,-0.0388704082359284,0.0230821660003459,0.0376903592028565,0.00260424614195176,1.02545243690298
7.05,2,-0.0620848211106703,0.000152592547379986,0.0376801863663645,-0.122775963621937,0.0394502599159724,0.000915555284279916,-0.0303659169286172,-0.157526373078606,-0.0075787631865393,-0.0160425631478825,0.25546026998708,-0.000447604805647959,-0.043855098117008,0.0183009328491063,0.0376903592028565,0.00136316008992787,1.02179021576586
7.08,2,-0.0621967223120823,0.000152592547379986,0.0379039887691885,-0.10798465936257,0.0486668497777235,-0.00236009806614378,-0.0273140659810175,-0.157933286538285,-0.0075787631865393,-0.0232449313842179,0.267545599739575,0.0021362956633198,-0.0455844803206478,0.0166631061738945,0.0379650257881405,-0.00500503555406354,1.01651051362651
7.11,2,-0.0621255124566383,0.000152592547379986,0.0381379640085045,-0.0915555284279916,0.0497756889553514,-0.00633767713451542,-0.032603940956857,-0.158543656727805,-0.00717184972685934,-0.0303760897651092,0.273588264615823,-0.00669372641173538,-0.0459100110883918,0.0163274025696585,0.0380870998260445,-0.010478021586759,1.0176702169866
7.14,2,-0.0621051667836543,0.000152592547379986,0.0379039887691885,-0.0783206681519008,0.0415051728873562,-0.00516780093793552,-0.0164901679535305,-0.158543656727805,-0.00578834396394747,-0.0350352488784448,0.288644062623981,-0.0120242927335429,-0.0441806288847519,0.0180059205908383,0.0376903592028565,-0.00661234371979939,1.01888078452915
7.17,2,-0.0620136112552263,0.000152592547379986,0.0377310505488245,-0.0583513901181066,0.0678528194016337,-0.0102338735109511,-0.02218695638905,-0.157973977884253,-0.00399792474135563,-0.0335500147506129,0.314371166112247,-0.00852483698029522,-0.0344248786889248,0.0276294239122695,0.0376903592028565,-0.0251370789717297,1.02266507970417
7.2,2,-0.0616270434685303,0.000366222113711966,0.0377717418947925,-0.043468530330312,0.0387381613615324,-0.0177312540055544,-0.0207627592801701,-0.160985137485885,-0.00643940549943541,-0.0409965310627562,0.314249092074343,-0.021251055431786,-0.0309355957721692,0.0307219662058372,0.0376903592028565,-0.0132958972950428,1.02485223954995
7.23,2,-0.0591346985279906,0.00814335561184525,0.032980335907061,-0.0296385591194393,0.0504013183996094,-0.0129347615995768,-0.0153101189204586,-0.160802026429029,-0.00536108483128351,-0.0483311461734876,0.34695476139612,-0.0125583666493728,-0.0157984150720745,0.043376974801884,0.032166508987701,-0.0143793043814407,1.02326019063896
7.26,2,-0.0565457116407768,0.00988799707022309,0.032883693960387,-0.00460829493087558,0.086469110181992,-0.0269681895402895,-0.0200506607257302,-0.162694174016541,-0.00409965310627562,-0.0473596402885016,0.432315032400484,-0.00899787387717317,0.00573747978148747,0.0624663024791203,0.0312102623574531,-0.0441195918657999,1.02075767286192
7.29,2,-0.0446689250363679,0.0385957416506445,0.0190689820042522,0.0163223161514125,0.0604571672719504,-0.0394909512619404,-0.0227973265785699,-0.164077679779453,-0.00241096224860378,-0.0575477360352387,0.51745658742027,-0.0267291278827275,0.0335652740053509,0.0784732606992808,0.010508540096235,-0.0395265561896624,1.01976582130395
7.32,2,-0.0340230516474909,0.032497126173691,0.00299590034689372,0.0390026551103244,0.0800398775190486,-0.054511144342377,-0.0102440463474431,-0.166885382651245,-0.00298064109215573,-0.0633360799991862,0.649138869390952,-0.0268206834111555,0.0681834365876237,0.102425204219693,0.00352488784447768,-0.0563473413291828,1.01647490869879
7.35,2,-0.022131005788344,0.0274920906196275,0.00600705994852545,0.0702434359772535,0.102277698090559,-0.0883866898607339,0.0147607857498906,-0.157953632211269,-0.00312306080304371,-0.0884528132979319,0.695343892737612,-0.0315713980529191,0.110446485793634,0.132821639657786,0.00383007293923765,-0.0920946887620675,1.01091036713767
7.38,2,0.0156458225246946,0.108589943133844,-0.0358999399802647,0.0999481185338908,0.0924405652027955,-0.111275571967732,-0.0161239458398185,-0.170038961963764,-0.00890123193049918,-0.116417940814437,0.762189601326538,-0.0348012736391288,0.152760399182104,0.137221391440575,-0.0573239336324147,-0.114892015340637,0.99641407513657
7.41,2,0.0407829014964243,0.0689870906704916,-0.0635293638925341,0.124973296304209,0.0707724234748375,-0.130029196040732,0.0403352966907763,-0.155593534145126,0.0122582679728589,-0.141605883968627,0.61065502894172,-0.0643787957396161,0.195247250790938,0.154535559149958,-0.0620085248369803,-0.134937589648122,0.957401247189754
7.44,2,0.0593076367483545,0.0498468988107954,-0.0588803776156906,0.141331217383343,0.0442874436679179,-0.140634378083641,0.0194809818821782,-0.182856735943683,-0.0120548112430189,-0.162307606229845,0.581820123905148,-0.075604520808537,0.230292672505875,0.171081677704194,-0.0590685750907926,-0.143721833958963,0.91204056927193
7.47,2,0.0791395814895067,0.0552537614062929,-0.0411287779371522,0.149164301482182,0.010757774590289,-0.146987314472894,0.010447503077283,-0.203650013733329,0.0319325337483851,-0.179886267688019,0.54498428296762,-0.171081677704194,0.2637002675456,0.184662414421013,-0.032593768120365,-0.15375733715832,0.812453586433505
7.5,2,0.112720114749596,0.104261401206498,-0.0229855240536719,0.143320006917529,-0.0377157912940865,-0.160725730155339,0.00733461511073133,-0.227434105451623,0.0102440463474431,-0.14915412864569,0.612882880133468,-0.224717958108259,0.298252306690675,0.185628833887753,-0.00966928108564511,-0.170725628426974,0.664220099490341
7.53,2,0.170761233354696,0.188660339162369,6.10370189519944e-05,0.114947965941343,-0.123294778283029,-0.161951556952625,-0.0159204891099785,-0.259051281268756,0.0097760958688111,-0.139266131575467,0.739356669820246,-0.24192022461623,0.338826665039013,0.168151900794499,0.0177719453515224,-0.172170171208838,0.519674265775526
7.56,2,0.25772372610655,0.293404950102237,0.0149591560614846,0.0617185989969583,-0.198416089358196,-0.14734845016836,-0.0359609769992167,-0.271930092267627,0.00155644398327586,-0.119937742240669,0.945692312387463,-0.216788232062746,0.389095736564226,0.13144322031312,0.0268054241564175,-0.148345388144576,0.448383027639597
7.59,2,0.371272927030244,0.386104922635578,0.0156661681976786,-0.00631224504328542,-0.245358643350525,-0.105634734132918,-0.0402946053448083,-0.269102043722851,0.0155949583422346,-0.135949786879075,1.11457665740939,-0.254763430687379,0.45239621163569,0.0811792352061525,0.0121056754254789,-0.101540167444889,0.32888780378633
7.62,2,0.502868739890744,0.449207027395449,-0.00678528194016338,-0.0829798272652364,-0.261838638467564,-0.0530818608152511,-0.0272733746350495,-0.225989562669759,0.0191757967874182,-0.124388358205919,1.09780165003408,-0.319523707795445,0.51979633981343,0.0170598467970824,-0.00813826919359925,-0.0449334187851599,0.141122674235257
7.65,2,0.629189937030142,0.434563229265216,-0.0201930804366181,-0.160766421501307,-0.256040121667124,0.0190893276772362,-0.0177109083325704,-0.160761335083061,0.00119022186956389,-0.140044353567105,0.802514725180822,-0.352509130120752,0.577654347361675,-0.0512812687561673,-0.0258847824538916,0.0806858526362906,0.0318765831476791
7.68,2,0.731930499181087,0.357346313872697,-0.0314086326690471,-0.184525081128371,0.0119937742240669,0.103086438591673,0.00625629444257942,-0.0932747377951394,0.0087384665466272,-0.28731142104353,0.360916979481389,-0.322743410545162,0.611906287830236,-0.119795322529781,-0.0339467553738009,0.12620420951974,0.00769575080619729
7.71,2,0.795795566677857,0.226777957497889,-0.0263527329325236,-0.124413790297149,0.25843582466099,0.0515915402691733,-0.0489618620359915,-0.0426953947569201,0.000193283893347982,-0.327992594175034,-0.174509923601998,-0.480244351532538,0.616555274107079,-0.1790215765862,-0.0265917945900856,0.0524867498804692,0.00285348063600574
7.74,2,0.823211361023794,0.102186142562131,-0.0451216162602619,-0.0336568295337789,0.32598854538611,0.00458794925789158,-0.0445061596524959,-0.0342112491225929,-0.00291960407320373,-0.516739402447584,-0.680862859991251,-0.588691874955494,0.589648121585742,-0.233314004943999,-0.0687988931953897,-0.0274107079276915,0.00187688833277383
7.77,2,0.780480361339152,-0.139495020396537,-0.113635670033876,0.0317494226915291,0.184723451439965,-0.0479903561510056,-0.226172673726615,0.0853195796583961,-0.0187892290007223,-0.509826960051271,-1.57141839859208,-0.576657409385459,0.524943795078382,-0.255307677439701,-0.120817692597227,-0.0674916837061678,0.00167851802117985
7.8,2,0.665420494196397,-0.383744824569435,-0.0565304523860388,0.0362458164209927,-0.0175786614581744,-0.0272225104525895,-0.137078971729687,-0.119520655944497,-0.0231635486922819,-0.47712637714774,-2.44006673380739,-0.848033082064272,0.397228919339579,-0.267916908271533,-0.0588600319427066,-0.0139418724122847,0.00167851802117985
7.83,2,0.517258217108676,-0.501826024150314,-0.0178889329711804,0.0186773277993103,-0.0554317860449029,0.0043387147638376,-0.0495111952065594,-0.253171381776381,-0.032359792881049,-0.548193812880846,-2.76927498194321,-0.992375459049247,0.240841903948078,-0.276167078666545,-0.0125227617216508,0.00811283710236925,0.00167851802117985
7.86,2,0.364925077059236,-0.511480045981221,0.0157221187983846,0.00993377483443709,-0.0159560940377005,0.00412508519750562,0.0735597806736452,-0.421613208410901,-0.0661946470534379,-0.411750643431908,-2.74940743227434,-1.11785231075981,0.0687683746859137,-0.295907467879269,0.0171463159072644,0.00236518448438978,0.00167851802117985
7.89,2,0.221070996225878,-0.479450870286162,0.032904039633371,0.00924202195298115,0.00010681478316599,-0.00227362895596179,0.0588905504521826,-0.380392874945321,-0.0813318277535325,-0.29858801029491,-2.22970773440758,-1.03849401328572,-0.0766574093854589,-0.297672455010631,0.0378276924954985,-0.00274666585283975,0.00167851802117985
7.92,2,0.11012095502589,-0.373419395530056,0.0388195440534684,0.00885036774803919,0.000152592547379986,-0.00270597450687175,0.0785851619006928,-0.314900153609831,-0.0893683685822118,-0.0944140954822433,-1.71820734275338,-0.563895586006246,-0.19535915199235,-0.305373292235074,0.0422833948789941,-0.00274666585283975,0.00167851802117985
7.95,2,0.0392315439313944,-0.240226447340312,0.0334228542944629,0.00860113325398521,0.000152592547379986,-0.00258390046896776,0.0617999816888943,-0.242062644327118,-0.0725831883704133,-0.0191605375326802,-1.21854304635762,-0.148706523840042,-0.281619719026256,-0.320759707429222,0.0338094220811589,-0.00274666585283975,0.00167851802117985
7.98,2,0.00308745587532172,-0.122226630451369,0.0229346598712119,0.00844854070660522,0.000152592547379986,-0.00285348063600574,0.0534582557654551,-0.208288827173681,-0.0669881282998138,0.0730460524307993,-0.819732250943531,-0.121555223242897,-0.341324096397799,-0.344294564653462,0.0209204382457961,-0.00274666585283975,0.00167851802117985
8.01,2,-0.010391552476577,-0.0449741101311279,0.0135095268613748,0.00831629383220923,0.000152592547379986,-0.00277209794406974,0.0462355418561358,-0.183161921038443,-0.0611896114993744,0.222912279630929,-0.570289213741468,-0.417961160110274,-0.382117170730715,-0.371511988687806,0.0101067130548011,-0.00274666585283975,0.00167851802117985
8.04,2,-0.0170903653065584,-0.0191707103691722,0.0076296273689993,0.00816878770307525,0.000152592547379986,-0.00255338195949177,0.0418815678375601,-0.160598569699189,-0.0484125288654235,0.357417523728141,-0.43338826665039,-0.867503891109958,-0.394263537502162,-0.376903592028565,0.00604266487624744,-0.00260933256019776,0.00167851802117985
8.07,2,-0.0232601906389559,-0.0161188594215725,0.00629698578854742,0.00786868902656128,0.000152592547379986,-0.00187180191452783,0.054027934609007,-0.153416547135838,-0.0431023082166,0.449542730999685,-0.325210323394472,-1.2508621478927,-0.329732149215166,-0.306212551245664,0.00636310922574541,-0.00228888821069979,0.00167851802117985
8.1,2,-0.0292519913327433,-0.0175328836939604,0.00680562761314737,0.00767031871496729,0.000152592547379986,-0.00265511032441176,0.0633259071626942,-0.152521337524542,-0.0447909990742719,0.508987701040681,-0.229656870225125,-1.41970071515041,-0.252723776970733,-0.223253069653411,0.0075635039318013,-0.00228888821069979,0.00167851802117985
